1,MAGeCl3,MA,Ge,Cl,5.619,-0.389,5.703838092,-0.222536345,1.955,3.022,1.917388712,5.063363472,2.17,267,180.65,0.7,32.07,8.68,926.3,6.13,23.85,2.55,73,7,1,1,1,0.87,3107,1211.5,5.32,72.61,120,762.1,31.8,334.3,2.01,32,4,14,4,4,1.81,239.18,172.17,3.21,35.45,348.8,1251.1,3.21,10.2,3.16,17,3,17,7,1
2,MAGeBr3,MA,Ge,Br,5.927,-0.247,6.117477068,-0.328594466,1.612,3.3229,2.047118945,5.200338141,2.17,267,180.65,0.7,32.07,8.68,926.3,6.13,23.85,2.55,73,7,1,1,1,0.87,3107,1211.5,5.32,72.61,120,762.1,31.8,334.3,2.01,32,4,14,4,4,1.96,331.85,265.95,3.12,79.9,324.6,1139.9,5.29,14.72,2.96,35,4,17,7,1
3,MAGeI3,MA,Ge,I,6.251,-0.028,6.45717812,0.330034257,1.311,2.5573,2.293225336,5.357534759,2.17,267,180.65,0.7,32.07,8.68,926.3,6.13,23.85,2.55,73,7,1,1,1,0.87,3107,1211.5,5.32,72.61,120,762.1,31.8,334.3,2.01,32,4,14,4,4,2.2,457.5,386.7,4.93,126.9,295.3,1008.4,7.76,20.9,2.66,53,5,17,7,1
4,MASnCl3,MA,Sn,Cl,5.757,-0.251,5.86278884,-0.232144478,1.582,3.1821,1.977388931,5.161761073,2.17,267,180.65,0.7,32.07,8.68,926.3,6.13,23.85,2.55,73,7,1,1,1,1.15,2876,505.12,7.31,118.71,121,708.6,7.2,290.37,1.96,50,5,14,4,2,1.81,239.18,172.17,3.21,35.45,348.8,1251.1,3.21,10.2,3.16,17,3,17,7,1
5,MASnBr3,MA,Sn,Br,6.069,-0.225,6.249297846,-0.178930453,1.262,3.5319,2.12859901,5.281272592,2.17,267,180.65,0.7,32.07,8.68,926.3,6.13,23.85,2.55,73,7,1,1,1,1.15,2876,505.12,7.31,118.71,121,708.6,7.2,290.37,1.96,50,5,14,4,2,1.96,331.85,265.95,3.12,79.9,324.6,1139.9,5.29,14.72,2.96,35,4,17,7,1
6,MASnI3,MA,Sn,I,6.363,-0.155,6.594056948,0.346136506,0.879,2.5741,2.522516749,5.466814342,2.17,267,180.65,0.7,32.07,8.68,926.3,6.13,23.85,2.55,73,7,1,1,1,1.15,2876,505.12,7.31,118.71,121,708.6,7.2,290.37,1.96,50,5,14,4,2,2.2,457.5,386.7,4.93,126.9,295.3,1008.4,7.76,20.9,2.66,53,5,17,7,1
7,MAPbI3,MA,Pb,I,6.422,0.035,6.473050585,0.529983345,1.852,2.6353,2.258308761,5.397718516,2.17,267,180.65,0.7,32.07,8.68,926.3,6.13,23.85,2.55,73,7,1,1,1,1.19,2023,600.65,11.35,207.2,110,715.5,4.77,177.9,2.33,82,6,14,4,2,2.2,457.5,386.7,4.93,126.9,295.3,1008.4,7.76,20.9,2.66,53,5,17,7,1
8,MAPbBr3,MA,Pb,Br,6.065,-0.152,6.142450228,-0.144086317,1.973,3.4084,2.051422727,5.212159697,2.17,267,180.65,0.7,32.07,8.68,926.3,6.13,23.85,2.55,73,7,1,1,1,1.19,2023,600.65,11.35,207.2,110,715.5,4.77,177.9,2.33,82,6,14,4,2,1.96,331.85,265.95,3.12,79.9,324.6,1139.9,5.29,14.72,2.96,35,4,17,7,1
9,MAPbCl3,MA,Pb,Cl,5.758,-0.172,5.774902509,-0.129757515,2.551,3.8377,1.894894556,4.934575914,2.17,267,180.65,0.7,32.07,8.68,926.3,6.13,23.85,2.55,73,7,1,1,1,1.19,2023,600.65,11.35,207.2,110,715.5,4.77,177.9,2.33,82,6,14,4,2,1.81,239.18,172.17,3.21,35.45,348.8,1251.1,3.21,10.2,3.16,17,3,17,7,1
10,CsGeCl3,Cs,Ge,Cl,5.333,1.239,5.39088886,1.560975129,1.051,1.8986,2.315281225,5.366823751,1.74,944,301.54,1.87,132.91,45.49,375.7,2.09,67.74,0.79,55,6,1,1,1,0.87,3107,1211.5,5.32,72.61,120,762.1,31.8,334.3,2.01,32,4,14,4,4,1.81,239.18,172.17,3.21,35.45,348.8,1251.1,3.21,10.2,3.16,17,3,17,7,1
11,CsGeBr3,Cs,Ge,Br,5.613,-0.277,5.67475471,-0.217020475,0.768,1.5158,2.586117791,5.524361147,1.74,944,301.54,1.87,132.91,45.49,375.7,2.09,67.74,0.79,55,6,1,1,1,0.87,3107,1211.5,5.32,72.61,120,762.1,31.8,334.3,2.01,32,4,14,4,4,1.96,331.85,265.95,3.12,79.9,324.6,1139.9,5.29,14.72,2.96,35,4,17,7,1
12,CsGeI3,Cs,Ge,I,5.996,0.002,6.10040585,0.050911506,0.635,1.304,2.988273876,5.640618231,1.74,944,301.54,1.87,132.91,45.49,375.7,2.09,67.74,0.79,55,6,1,1,1,0.87,3107,1211.5,5.32,72.61,120,762.1,31.8,334.3,2.01,32,4,14,4,4,2.2,457.5,386.7,4.93,126.9,295.3,1008.4,7.76,20.9,2.66,53,5,17,7,1
13,CsSnCl3,Cs,Sn,Cl,5.634,1.354,5.676825162,1.479914224,1.029,1.8043,2.174373567,5.299098563,1.74,944,301.54,1.87,132.91,45.49,375.7,2.09,67.74,0.79,55,6,1,1,1,1.15,2876,505.12,7.31,118.71,121,708.6,7.2,290.37,1.96,50,5,14,4,2,1.81,239.18,172.17,3.21,35.45,348.8,1251.1,3.21,10.2,3.16,17,3,17,7,1
14,CsSnBr3,Cs,Sn,Br,5.886,-0.268,5.956068845,-0.209853626,0.634,1.3894,2.45946743,5.427706701,1.74,944,301.54,1.87,132.91,45.49,375.7,2.09,67.74,0.79,55,6,1,1,1,1.15,2876,505.12,7.31,118.71,121,708.6,7.2,290.37,1.96,50,5,14,4,2,1.96,331.85,265.95,3.12,79.9,324.6,1139.9,5.29,14.72,2.96,35,4,17,7,1
15,CsSnI3,Cs,Sn,I,6.286,-0.153,6.386300887,-0.081774813,0.483,1.1556,2.783701372,5.547951818,1.74,944,301.54,1.87,132.91,45.49,375.7,2.09,67.74,0.79,55,6,1,1,1,1.15,2876,505.12,7.31,118.71,121,708.6,7.2,290.37,1.96,50,5,14,4,2,2.2,457.5,386.7,4.93,126.9,295.3,1008.4,7.76,20.9,2.66,53,5,17,7,1
16,CsPbCl3,Cs,Pb,Cl,5.734,1.437,5.761423975,1.52354792,2.212,3.0773,1.916097646,4.972850222,1.74,944,301.54,1.87,132.91,45.49,375.7,2.09,67.74,0.79,55,6,1,1,1,1.19,2023,600.65,11.35,207.2,110,715.5,4.77,177.9,2.33,82,6,14,4,2,1.81,239.18,172.17,3.21,35.45,348.8,1251.1,3.21,10.2,3.16,17,3,17,7,1
17,CsPbBr3,Cs,Pb,Br,5.996,-0.17,6.04101583,-0.170408121,1.774,2.5758,2.08708449,5.239895299,1.74,944,301.54,1.87,132.91,45.49,375.7,2.09,67.74,0.79,55,6,1,1,1,1.19,2023,600.65,11.35,207.2,110,715.5,4.77,177.9,2.33,82,6,14,4,2,1.96,331.85,265.95,3.12,79.9,324.6,1139.9,5.29,14.72,2.96,35,4,17,7,1
18,CsPbI3,Cs,Pb,I,6.395,0.063,6.451980463,0.078559737,1.482,2.1633,2.343382175,5.46552355,1.74,944,301.54,1.87,132.91,45.49,375.7,2.09,67.74,0.79,55,6,1,1,1,1.19,2023,600.65,11.35,207.2,110,715.5,4.77,177.9,2.33,82,6,14,4,2,2.2,457.5,386.7,4.93,126.9,295.3,1008.4,7.76,20.9,2.66,53,5,17,7,1
19,FAGeCl3,FA,Ge,Cl,5.743,-1.404,5.816829262,-1.342392711,3.048,4.4396,1.764018376,4.652207605,2.53,319,354,1.1,45.06,8.6,849.1,6.5,29,2.57,91,8,1,1,1,0.87,3107,1211.5,5.32,72.61,120,762.1,31.8,334.3,2.01,32,4,14,4,4,1.81,239.18,172.17,3.21,35.45,348.8,1251.1,3.21,10.2,3.16,17,3,17,7,1
20,FAGeBr3,FA,Ge,Br,6.102,-0.979,6.238160418,-1.041701521,2.11,3.8044,1.882254458,5.018748556,2.53,319,354,1.1,45.06,8.6,849.1,6.5,29,2.57,91,8,1,1,1,0.87,3107,1211.5,5.32,72.61,120,762.1,31.8,334.3,2.01,32,4,14,4,4,1.96,331.85,265.95,3.12,79.9,324.6,1139.9,5.29,14.72,2.96,35,4,17,7,1
21,FAGeI3,FA,Ge,I,6.402,-0.547,6.582414943,-0.609365211,1.467,2.8609,2.165652685,5.279318897,2.53,319,354,1.1,45.06,8.6,849.1,6.5,29,2.57,91,8,1,1,1,0.87,3107,1211.5,5.32,72.61,120,762.1,31.8,334.3,2.01,32,4,14,4,4,2.2,457.5,386.7,4.93,126.9,295.3,1008.4,7.76,20.9,2.66,53,5,17,7,1
22,FASnCl3,FA,Sn,Cl,5.848,-1.229,5.924281702,-1.305750985,2.465,3.6741,1.846065317,4.923585941,2.53,319,354,1.1,45.06,8.6,849.1,6.5,29,2.57,91,8,1,1,1,1.15,2876,505.12,7.31,118.71,121,708.6,7.2,290.37,1.96,50,5,14,4,2,1.81,239.18,172.17,3.21,35.45,348.8,1251.1,3.21,10.2,3.16,17,3,17,7,1
23,FASnBr3,FA,Sn,Br,6.056,-0.998,6.270604999,-1.00269168,1.341,3.4442,2.153699095,5.284317752,2.53,319,354,1.1,45.06,8.6,849.1,6.5,29,2.57,91,8,1,1,1,1.15,2876,505.12,7.31,118.71,121,708.6,7.2,290.37,1.96,50,5,14,4,2,1.96,331.85,265.95,3.12,79.9,324.6,1139.9,5.29,14.72,2.96,35,4,17,7,1
24,FASnI3,FA,Sn,I,6.429,-0.747,6.682222407,-0.712420319,1.055,2.8648,2.396543716,5.42433017,2.53,319,354,1.1,45.06,8.6,849.1,6.5,29,2.57,91,8,1,1,1,1.15,2876,505.12,7.31,118.71,121,708.6,7.2,290.37,1.96,50,5,14,4,2,2.2,457.5,386.7,4.93,126.9,295.3,1008.4,7.76,20.9,2.66,53,5,17,7,1
25,FAPbCl3,FA,Pb,Cl,5.819,-1.091,5.919242409,-1.080887447,2.611,4.0745,1.894684254,4.86068532,2.53,319,354,1.1,45.06,8.6,849.1,6.5,29,2.57,91,8,1,1,1,1.19,2023,600.65,11.35,207.2,110,715.5,4.77,177.9,2.33,82,6,14,4,2,1.81,239.18,172.17,3.21,35.45,348.8,1251.1,3.21,10.2,3.16,17,3,17,7,1
26,FAPbBr3,FA,Pb,Br,6.076,-0.922,6.200787351,-0.885923166,2.113,3.5353,2.067204649,5.203534498,2.53,319,354,1.1,45.06,8.6,849.1,6.5,29,2.57,91,8,1,1,1,1.19,2023,600.65,11.35,207.2,110,715.5,4.77,177.9,2.33,82,6,14,4,2,1.96,331.85,265.95,3.12,79.9,324.6,1139.9,5.29,14.72,2.96,35,4,17,7,1
27,FAPbI3,FA,Pb,I,6.52,-0.441,6.585397777,-0.401747156,1.942,2.8146,2.202175759,5.358520237,2.53,319,354,1.1,45.06,8.6,849.1,6.5,29,2.57,91,8,1,1,1,1.19,2023,600.65,11.35,207.2,110,715.5,4.77,177.9,2.33,82,6,14,4,2,2.2,457.5,386.7,4.93,126.9,295.3,1008.4,7.76,20.9,2.66,53,5,17,7,1
28,FABaI3,FA,Ba,I,6.821,-0.405,6.806524121,-0.39444965,3.205,4.6181,1.730985741,4.133168621,2.53,319,354,1.1,45.06,8.6,849.1,6.5,29,2.57,91,8,1,1,1,1.42,2078,1002,3.59,137.33,-52,502.9,8.01,140.2,0.89,56,6,2,2,2,2.2,457.5,386.7,4.93,126.9,295.3,1008.4,7.76,20.9,2.66,53,5,17,7,1
29,FABaBr3,FA,Ba,Br,6.384,-0.694,6.377562399,-0.670570785,4.025,5.5419,1.643863915,3.571101146,2.53,319,354,1.1,45.06,8.6,849.1,6.5,29,2.57,91,8,1,1,1,1.42,2078,1002,3.59,137.33,-52,502.9,8.01,140.2,0.89,56,6,2,2,2,1.96,331.85,265.95,3.12,79.9,324.6,1139.9,5.29,14.72,2.96,35,4,17,7,1
30,FABaCl3,FA,Ba,Cl,6.098,-0.747,6.092677679,-0.742938814,4.561,6.2145,1.584292344,3.265863481,2.53,319,354,1.1,45.06,8.6,849.1,6.5,29,2.57,91,8,1,1,1,1.42,2078,1002,3.59,137.33,-52,502.9,8.01,140.2,0.89,56,6,2,2,2,1.81,239.18,172.17,3.21,35.45,348.8,1251.1,3.21,10.2,3.16,17,3,17,7,1
31,FASrI3,FA,Sr,I,6.568,-0.482,6.552353856,-0.507380746,3.298,4.6831,1.771547569,4.099243602,2.53,319,354,1.1,45.06,8.6,849.1,6.5,29,2.57,91,8,1,1,1,1.26,1655,1042,2.54,87.62,-168,549.5,8.2,136.9,0.95,38,5,2,2,2,2.2,457.5,386.7,4.93,126.9,295.3,1008.4,7.76,20.9,2.66,53,5,17,7,1
32,FASrBr3,FA,Sr,Br,6.117,-0.808,6.101794347,-0.826977766,4.162,5.6848,1.677607773,3.510151403,2.53,319,354,1.1,45.06,8.6,849.1,6.5,29,2.57,91,8,1,1,1,1.26,1655,1042,2.54,87.62,-168,549.5,8.2,136.9,0.95,38,5,2,2,2,1.96,331.85,265.95,3.12,79.9,324.6,1139.9,5.29,14.72,2.96,35,4,17,7,1
33,FASrCl3,FA,Sr,Cl,5.836,-0.921,5.819218883,-0.935822314,4.708,6.3576,1.611492042,3.252270108,2.53,319,354,1.1,45.06,8.6,849.1,6.5,29,2.57,91,8,1,1,1,1.26,1655,1042,2.54,87.62,-168,549.5,8.2,136.9,0.95,38,5,2,2,2,1.81,239.18,172.17,3.21,35.45,348.8,1251.1,3.21,10.2,3.16,17,3,17,7,1
34,FACaI3,FA,Ca,I,6.398,-0.33,6.372328354,-0.367576674,3.439,4.6776,1.824031443,4.277068543,2.53,319,354,1.1,45.06,8.6,849.1,6.5,29,2.57,91,8,1,1,1,1,1757,1112,1.55,40.08,-156,589.8,8.53,154.67,1,20,4,2,2,2,2.2,457.5,386.7,4.93,126.9,295.3,1008.4,7.76,20.9,2.66,53,5,17,7,1
35,FACaBr3,FA,Ca,Br,5.925,-0.783,5.90328064,-0.814075541,4.225,5.6379,1.731960181,3.553205302,2.53,319,354,1.1,45.06,8.6,849.1,6.5,29,2.57,91,8,1,1,1,1,1757,1112,1.55,40.08,-156,589.8,8.53,154.67,1,20,4,2,2,2,1.96,331.85,265.95,3.12,79.9,324.6,1139.9,5.29,14.72,2.96,35,4,17,7,1
36,FACaCl3,FA,Ca,Cl,5.642,-0.868,5.623396338,-0.907472641,4.729,6.3598,1.657900728,3.307387318,2.53,319,354,1.1,45.06,8.6,849.1,6.5,29,2.57,91,8,1,1,1,1,1757,1112,1.55,40.08,-156,589.8,8.53,154.67,1,20,4,2,2,2,1.81,239.18,172.17,3.21,35.45,348.8,1251.1,3.21,10.2,3.16,17,3,17,7,1
37,MABaI3,MA,Ba,I,6.816,0.075,6.810377003,0.523293852,3.773,4.7868,1.700446027,3.911895342,2.17,267,180.65,0.7,32.07,8.68,926.3,6.13,23.85,2.55,73,7,1,1,1,1.42,2078,1002,3.59,137.33,-52,502.9,8.01,140.2,0.89,56,6,2,2,2,2.2,457.5,386.7,4.93,126.9,295.3,1008.4,7.76,20.9,2.66,53,5,17,7,1
38,MABaBr3,MA,Ba,Br,6.375,0.136,6.354718938,0.156117934,4.24,5.4282,1.617775982,3.393325017,2.17,267,180.65,0.7,32.07,8.68,926.3,6.13,23.85,2.55,73,7,1,1,1,1.42,2078,1002,3.59,137.33,-52,502.9,8.01,140.2,0.89,56,6,2,2,2,1.96,331.85,265.95,3.12,79.9,324.6,1139.9,5.29,14.72,2.96,35,4,17,7,1
39,MABaCl3,MA,Ba,Cl,6.027,0.24,5.991667955,0.239455651,4.91,6.2991,1.569132883,3.132203973,2.17,267,180.65,0.7,32.07,8.68,926.3,6.13,23.85,2.55,73,7,1,1,1,1.42,2078,1002,3.59,137.33,-52,502.9,8.01,140.2,0.89,56,6,2,2,2,1.81,239.18,172.17,3.21,35.45,348.8,1251.1,3.21,10.2,3.16,17,3,17,7,1
40,MASrI3,MA,Sr,I,6.566,-0.02,6.547047972,0.407293296,3.763,4.7957,1.732841349,3.797172314,2.17,267,180.65,0.7,32.07,8.68,926.3,6.13,23.85,2.55,73,7,1,1,1,1.26,1655,1042,2.54,87.62,-168,549.5,8.2,136.9,0.95,38,5,2,2,2,2.2,457.5,386.7,4.93,126.9,295.3,1008.4,7.76,20.9,2.66,53,5,17,7,1
41,MASrBr3,MA,Sr,Br,6.107,-0.026,6.092596981,-0.037092651,4.31,5.5491,1.646087113,3.338185272,2.17,267,180.65,0.7,32.07,8.68,926.3,6.13,23.85,2.55,73,7,1,1,1,1.26,1655,1042,2.54,87.62,-168,549.5,8.2,136.9,0.95,38,5,2,2,2,1.96,331.85,265.95,3.12,79.9,324.6,1139.9,5.29,14.72,2.96,35,4,17,7,1
42,MASrCl3,MA,Sr,Cl,5.774,-0.006,5.760207849,-0.025781377,5.106,6.5005,1.589358716,3.089537354,2.17,267,180.65,0.7,32.07,8.68,926.3,6.13,23.85,2.55,73,7,1,1,1,1.26,1655,1042,2.54,87.62,-168,549.5,8.2,136.9,0.95,38,5,2,2,2,1.81,239.18,172.17,3.21,35.45,348.8,1251.1,3.21,10.2,3.16,17,3,17,7,1
43,MACaI3,MA,Ca,I,6.331,0.091,6.284420432,0.458075431,3.599,4.7801,1.809699676,4.126487405,2.17,267,180.65,0.7,32.07,8.68,926.3,6.13,23.85,2.55,73,7,1,1,1,1,1757,1112,1.55,40.08,-156,589.8,8.53,154.67,1,20,4,2,2,2,2.2,457.5,386.7,4.93,126.9,295.3,1008.4,7.76,20.9,2.66,53,5,17,7,1
44,MACaBr3,MA,Ca,Br,5.888,-0.064,5.862749504,-0.086480305,4.375,5.64,1.703879879,3.416587112,2.17,267,180.65,0.7,32.07,8.68,926.3,6.13,23.85,2.55,73,7,1,1,1,1,1757,1112,1.55,40.08,-156,589.8,8.53,154.67,1,20,4,2,2,2,1.96,331.85,265.95,3.12,79.9,324.6,1139.9,5.29,14.72,2.96,35,4,17,7,1
45,MACaCl3,MA,Ca,Cl,5.575,-0.06,5.551304338,-0.104086616,5.25,6.6855,1.632561505,3.140638067,2.17,267,180.65,0.7,32.07,8.68,926.3,6.13,23.85,2.55,73,7,1,1,1,1,1757,1112,1.55,40.08,-156,589.8,8.53,154.67,1,20,4,2,2,2,1.81,239.18,172.17,3.21,35.45,348.8,1251.1,3.21,10.2,3.16,17,3,17,7,1
46,CsBaI3,Cs,Ba,I,6.77,0.269,6.805612787,0.319602427,3.512,4.4475,1.710711337,4.039057666,1.74,944,301.54,1.87,132.91,45.49,375.7,2.09,67.74,0.79,55,6,1,1,1,1.42,2078,1002,3.59,137.33,-52,502.9,8.01,140.2,0.89,56,6,2,2,2,2.2,457.5,386.7,4.93,126.9,295.3,1008.4,7.76,20.9,2.66,53,5,17,7,1
47,CsBaBr3,Cs,Ba,Br,6.354,0.278,6.353729567,0.325027325,3.997,5.1203,1.614124623,3.512251747,1.74,944,301.54,1.87,132.91,45.49,375.7,2.09,67.74,0.79,55,6,1,1,1,1.42,2078,1002,3.59,137.33,-52,502.9,8.01,140.2,0.89,56,6,2,2,2,1.96,331.85,265.95,3.12,79.9,324.6,1139.9,5.29,14.72,2.96,35,4,17,7,1
48,CsBaCl3,Cs,Ba,Cl,6.04,2.024,6.03957796,2.120499537,4.668,5.9307,1.553424292,3.166302925,1.74,944,301.54,1.87,132.91,45.49,375.7,2.09,67.74,0.79,55,6,1,1,1,1.42,2078,1002,3.59,137.33,-52,502.9,8.01,140.2,0.89,56,6,2,2,2,1.81,239.18,172.17,3.21,35.45,348.8,1251.1,3.21,10.2,3.16,17,3,17,7,1
49,CsSrI3,Cs,Sr,I,6.476,0.038,6.476212025,0.043558983,3.612,4.5845,1.757676509,3.895586408,1.74,944,301.54,1.87,132.91,45.49,375.7,2.09,67.74,0.79,55,6,1,1,1,1.26,1655,1042,2.54,87.62,-168,549.5,8.2,136.9,0.95,38,5,2,2,2,2.2,457.5,386.7,4.93,126.9,295.3,1008.4,7.76,20.9,2.66,53,5,17,7,1
50,CsSrBr3,Cs,Sr,Br,6.018,-0.031,6.017870267,-0.036994215,4.166,5.3194,1.659433123,3.395208339,1.74,944,301.54,1.87,132.91,45.49,375.7,2.09,67.74,0.79,55,6,1,1,1,1.26,1655,1042,2.54,87.62,-168,549.5,8.2,136.9,0.95,38,5,2,2,2,1.96,331.85,265.95,3.12,79.9,324.6,1139.9,5.29,14.72,2.96,35,4,17,7,1
51,CsSrCl3,Cs,Sr,Cl,5.734,1.612,5.733922638,1.682605846,4.94,6.2377,1.58206193,3.115268278,1.74,944,301.54,1.87,132.91,45.49,375.7,2.09,67.74,0.79,55,6,1,1,1,1.26,1655,1042,2.54,87.62,-168,549.5,8.2,136.9,0.95,38,5,2,2,2,1.81,239.18,172.17,3.21,35.45,348.8,1251.1,3.21,10.2,3.16,17,3,17,7,1
52,CsCaI3,Cs,Ca,I,6.218,0.034,6.218288897,0.015271645,3.714,4.7383,1.840991198,4.078663518,1.74,944,301.54,1.87,132.91,45.49,375.7,2.09,67.74,0.79,55,6,1,1,1,1,1757,1112,1.55,40.08,-156,589.8,8.53,154.67,1,20,4,2,2,2,2.2,457.5,386.7,4.93,126.9,295.3,1008.4,7.76,20.9,2.66,53,5,17,7,1
53,CsCaBr3,Cs,Ca,Br,5.759,-0.221,5.759409905,-0.243799175,4.4,5.5737,1.727353974,3.419952217,1.74,944,301.54,1.87,132.91,45.49,375.7,2.09,67.74,0.79,55,6,1,1,1,1,1757,1112,1.55,40.08,-156,589.8,8.53,154.67,1,20,4,2,2,2,1.96,331.85,265.95,3.12,79.9,324.6,1139.9,5.29,14.72,2.96,35,4,17,7,1
54,CsCaCl3,Cs,Ca,Cl,5.451,1.389,5.451228143,1.422870549,5.367,6.6944,1.646047229,3.150736413,1.74,944,301.54,1.87,132.91,45.49,375.7,2.09,67.74,0.79,55,6,1,1,1,1,1757,1112,1.55,40.08,-156,589.8,8.53,154.67,1,20,4,2,2,2,1.81,239.18,172.17,3.21,35.45,348.8,1251.1,3.21,10.2,3.16,17,3,17,7,1
55,RbBaI3,Rb,Ba,I,6.758,2.752,6.777085768,2.785625441,3.232,4.1846,1.696915293,4.147880823,1.61,961,312.63,1.53,85.47,46.89,403,2.34,69.2,0.82,37,5,1,1,1,1.42,2078,1002,3.59,137.33,-52,502.9,8.01,140.2,0.89,56,6,2,2,2,2.2,457.5,386.7,4.93,126.9,295.3,1008.4,7.76,20.9,2.66,53,5,17,7,1
56,RbBaBr3,Rb,Ba,Br,6.319,0.543,6.319076698,0.594608704,3.724,4.8505,1.59801209,3.670583475,1.61,961,312.63,1.53,85.47,46.89,403,2.34,69.2,0.82,37,5,1,1,1,1.42,2078,1002,3.59,137.33,-52,502.9,8.01,140.2,0.89,56,6,2,2,2,1.96,331.85,265.95,3.12,79.9,324.6,1139.9,5.29,14.72,2.96,35,4,17,7,1
57,RbBaCl3,Rb,Ba,Cl,6.023,0.631,6.022957642,0.676276964,4.336,5.6027,1.526198421,3.208432064,1.61,961,312.63,1.53,85.47,46.89,403,2.34,69.2,0.82,37,5,1,1,1,1.42,2078,1002,3.59,137.33,-52,502.9,8.01,140.2,0.89,56,6,2,2,2,1.81,239.18,172.17,3.21,35.45,348.8,1251.1,3.21,10.2,3.16,17,3,17,7,1
58,RbSrI3,Rb,Sr,I,6.436,2.499,6.436100642,2.488577258,3.333,4.3016,1.74317699,4.021720391,1.61,961,312.63,1.53,85.47,46.89,403,2.34,69.2,0.82,37,5,1,1,1,1.26,1655,1042,2.54,87.62,-168,549.5,8.2,136.9,0.95,38,5,2,2,2,2.2,457.5,386.7,4.93,126.9,295.3,1008.4,7.76,20.9,2.66,53,5,17,7,1
59,RbSrBr3,Rb,Sr,Br,5.996,0.199,5.996477447,0.205744682,3.879,5.0275,1.632592757,3.513126576,1.61,961,312.63,1.53,85.47,46.89,403,2.34,69.2,0.82,37,5,1,1,1,1.26,1655,1042,2.54,87.62,-168,549.5,8.2,136.9,0.95,38,5,2,2,2,1.96,331.85,265.95,3.12,79.9,324.6,1139.9,5.29,14.72,2.96,35,4,17,7,1
60,RbSrCl3,Rb,Sr,Cl,5.709,0.174,5.709317207,0.198990335,4.605,5.8987,1.550884689,3.131786795,1.61,961,312.63,1.53,85.47,46.89,403,2.34,69.2,0.82,37,5,1,1,1,1.26,1655,1042,2.54,87.62,-168,549.5,8.2,136.9,0.95,38,5,2,2,2,1.81,239.18,172.17,3.21,35.45,348.8,1251.1,3.21,10.2,3.16,17,3,17,7,1
61,RbCaI3,Rb,Ca,I,6.189,2.464,6.188850245,2.439177047,3.441,4.4137,1.819958263,4.149627765,1.61,961,312.63,1.53,85.47,46.89,403,2.34,69.2,0.82,37,5,1,1,1,1,1757,1112,1.55,40.08,-156,589.8,8.53,154.67,1,20,4,2,2,2,2.2,457.5,386.7,4.93,126.9,295.3,1008.4,7.76,20.9,2.66,53,5,17,7,1
62,RbCaBr3,Rb,Ca,Br,5.721,-0.036,5.720572312,-0.044495694,4.082,5.2453,1.699082158,3.46018323,1.61,961,312.63,1.53,85.47,46.89,403,2.34,69.2,0.82,37,5,1,1,1,1,1757,1112,1.55,40.08,-156,589.8,8.53,154.67,1,20,4,2,2,2,1.96,331.85,265.95,3.12,79.9,324.6,1139.9,5.29,14.72,2.96,35,4,17,7,1
63,RbCaCl3,Rb,Ca,Cl,5.429,-0.112,5.428961118,-0.118502053,4.949,6.2632,1.606291263,3.15001151,1.61,961,312.63,1.53,85.47,46.89,403,2.34,69.2,0.82,37,5,1,1,1,1,1757,1112,1.55,40.08,-156,589.8,8.53,154.67,1,20,4,2,2,2,1.81,239.18,172.17,3.21,35.45,348.8,1251.1,3.21,10.2,3.16,17,3,17,7,1
64,RbGeI3,Rb,Ge,I,5.968,2.395,6.07688323,2.443084795,0.581,1.2609,3.005494502,5.652756851,1.61,961,312.63,1.53,85.47,46.89,403,2.34,69.2,0.82,37,5,1,1,1,0.87,3107,1211.5,5.32,72.61,120,762.1,31.8,334.3,2.01,32,4,14,4,4,2.2,457.5,386.7,4.93,126.9,295.3,1008.4,7.76,20.9,2.66,53,5,17,7,1
65,RbGeBr3,Rb,Ge,Br,5.572,-0.13,5.658098797,-0.03972239,0.676,1.4825,2.605985044,5.532817652,1.61,961,312.63,1.53,85.47,46.89,403,2.34,69.2,0.82,37,5,1,1,1,0.87,3107,1211.5,5.32,72.61,120,762.1,31.8,334.3,2.01,32,4,14,4,4,1.96,331.85,265.95,3.12,79.9,324.6,1139.9,5.29,14.72,2.96,35,4,17,7,1
66,RbGeCl3,Rb,Ge,Cl,5.298,-0.299,5.351525047,-0.021468695,0.972,1.8034,2.310859329,5.386463842,1.61,961,312.63,1.53,85.47,46.89,403,2.34,69.2,0.82,37,5,1,1,1,0.87,3107,1211.5,5.32,72.61,120,762.1,31.8,334.3,2.01,32,4,14,4,4,1.81,239.18,172.17,3.21,35.45,348.8,1251.1,3.21,10.2,3.16,17,3,17,7,1
67,RbSnI3,Rb,Sn,I,6.248,2.286,6.370899945,2.353055281,0.407,1.1268,2.834496543,5.560049025,1.61,961,312.63,1.53,85.47,46.89,403,2.34,69.2,0.82,37,5,1,1,1,1.15,2876,505.12,7.31,118.71,121,708.6,7.2,290.37,1.96,50,5,14,4,2,2.2,457.5,386.7,4.93,126.9,295.3,1008.4,7.76,20.9,2.66,53,5,17,7,1
68,RbSnBr3,Rb,Sn,Br,5.854,-0.056,5.953370667,0.029398694,0.567,1.3956,2.479258068,5.437677609,1.61,961,312.63,1.53,85.47,46.89,403,2.34,69.2,0.82,37,5,1,1,1,1.15,2876,505.12,7.31,118.71,121,708.6,7.2,290.37,1.96,50,5,14,4,2,1.96,331.85,265.95,3.12,79.9,324.6,1139.9,5.29,14.72,2.96,35,4,17,7,1
69,RbSnCl3,Rb,Sn,Cl,5.585,-0.101,5.648639682,-0.022852844,0.92,1.7494,2.190090313,5.33134914,1.61,961,312.63,1.53,85.47,46.89,403,2.34,69.2,0.82,37,5,1,1,1,1.15,2876,505.12,7.31,118.71,121,708.6,7.2,290.37,1.96,50,5,14,4,2,1.81,239.18,172.17,3.21,35.45,348.8,1251.1,3.21,10.2,3.16,17,3,17,7,1
70,RbPbI3,Rb,Pb,I,6.375,2.516,6.43721919,2.519704747,1.459,2.1466,2.326804266,5.47173429,1.61,961,312.63,1.53,85.47,46.89,403,2.34,69.2,0.82,37,5,1,1,1,1.19,2023,600.65,11.35,207.2,110,715.5,4.77,177.9,2.33,82,6,14,4,2,2.2,457.5,386.7,4.93,126.9,295.3,1008.4,7.76,20.9,2.66,53,5,17,7,1
71,RbPbBr3,Rb,Pb,Br,5.975,0.057,6.023106852,0.069597827,1.753,2.5591,2.070080018,5.245459431,1.61,961,312.63,1.53,85.47,46.89,403,2.34,69.2,0.82,37,5,1,1,1,1.19,2023,600.65,11.35,207.2,110,715.5,4.77,177.9,2.33,82,6,14,4,2,1.96,331.85,265.95,3.12,79.9,324.6,1139.9,5.29,14.72,2.96,35,4,17,7,1
72,RbPbCl3,Rb,Pb,Cl,5.703,0,5.739673063,0.04056569,2.182,3.0623,1.890215638,4.986672275,1.61,961,312.63,1.53,85.47,46.89,403,2.34,69.2,0.82,37,5,1,1,1,1.19,2023,600.65,11.35,207.2,110,715.5,4.77,177.9,2.33,82,6,14,4,2,1.81,239.18,172.17,3.21,35.45,348.8,1251.1,3.21,10.2,3.16,17,3,17,7,1
73,KBaI3,K,Ba,I,6.75,3.202,6.769870212,3.26516927,3.084,4.0354,1.690005994,4.227141317,1.51,1033,336.8,0.86,39.1,48.36,418.8,2.33,76.9,0.82,19,4,1,1,1,1.42,2078,1002,3.59,137.33,-52,502.9,8.01,140.2,0.89,56,6,2,2,2,2.2,457.5,386.7,4.93,126.9,295.3,1008.4,7.76,20.9,2.66,53,5,17,7,1
74,KBaBr3,K,Ba,Br,6.31,0.788,6.310437202,0.850972012,3.575,4.6964,1.587958583,3.790294094,1.51,1033,336.8,0.86,39.1,48.36,418.8,2.33,76.9,0.82,19,4,1,1,1,1.42,2078,1002,3.59,137.33,-52,502.9,8.01,140.2,0.89,56,6,2,2,2,1.96,331.85,265.95,3.12,79.9,324.6,1139.9,5.29,14.72,2.96,35,4,17,7,1
75,KBaCl3,K,Ba,Cl,6.014,3.373,6.013761043,3.430344935,4.166,5.4279,1.513311706,3.290582732,1.51,1033,336.8,0.86,39.1,48.36,418.8,2.33,76.9,0.82,19,4,1,1,1,1.42,2078,1002,3.59,137.33,-52,502.9,8.01,140.2,0.89,56,6,2,2,2,1.81,239.18,172.17,3.21,35.45,348.8,1251.1,3.21,10.2,3.16,17,3,17,7,1
76,KSrI3,K,Sr,I,6.427,2.934,6.427179815,2.956451266,3.171,4.1325,1.734968714,4.094501442,1.51,1033,336.8,0.86,39.1,48.36,418.8,2.33,76.9,0.82,19,4,1,1,1,1.26,1655,1042,2.54,87.62,-168,549.5,8.2,136.9,0.95,38,5,2,2,2,2.2,457.5,386.7,4.93,126.9,295.3,1008.4,7.76,20.9,2.66,53,5,17,7,1
77,KSrBr3,K,Sr,Br,5.996,0.424,5.996477447,0.446892335,3.711,4.8503,1.618467003,3.636791738,1.51,1033,336.8,0.86,39.1,48.36,418.8,2.33,76.9,0.82,19,4,1,1,1,1.26,1655,1042,2.54,87.62,-168,549.5,8.2,136.9,0.95,38,5,2,2,2,1.96,331.85,265.95,3.12,79.9,324.6,1139.9,5.29,14.72,2.96,35,4,17,7,1
78,KSrCl3,K,Sr,Cl,5.699,2.892,5.683185035,2.928662664,4.418,5.7192,1.535324923,3.162713344,1.51,1033,336.8,0.86,39.1,48.36,418.8,2.33,76.9,0.82,19,4,1,1,1,1.26,1655,1042,2.54,87.62,-168,549.5,8.2,136.9,0.95,38,5,2,2,2,1.81,239.18,172.17,3.21,35.45,348.8,1251.1,3.21,10.2,3.16,17,3,17,7,1
79,KCaI3,K,Ca,I,6.169,2.881,6.16874981,2.890686435,3.258,4.2203,1.813376469,4.190582607,1.51,1033,336.8,0.86,39.1,48.36,418.8,2.33,76.9,0.82,19,4,1,1,1,1,1757,1112,1.55,40.08,-156,589.8,8.53,154.67,1,20,4,2,2,2,2.2,457.5,386.7,4.93,126.9,295.3,1008.4,7.76,20.9,2.66,53,5,17,7,1
80,KCaBr3,K,Ca,Br,5.695,0.162,5.695410092,0.169919645,3.908,5.059,1.688133523,3.521220469,1.51,1033,336.8,0.86,39.1,48.36,418.8,2.33,76.9,0.82,19,4,1,1,1,1,1757,1112,1.55,40.08,-156,589.8,8.53,154.67,1,20,4,2,2,2,1.96,331.85,265.95,3.12,79.9,324.6,1139.9,5.29,14.72,2.96,35,4,17,7,1
81,KCaCl3,K,Ca,Cl,5.405,2.568,5.404892287,2.580334904,4.745,6.0467,1.590362474,3.164651797,1.51,1033,336.8,0.86,39.1,48.36,418.8,2.33,76.9,0.82,19,4,1,1,1,1,1757,1112,1.55,40.08,-156,589.8,8.53,154.67,1,20,4,2,2,2,1.81,239.18,172.17,3.21,35.45,348.8,1251.1,3.21,10.2,3.16,17,3,17,7,1
82,KGeI3,K,Ge,I,5.945,2.785,6.061679212,2.873709264,0.537,1.2328,3.031971468,5.661831194,1.51,1033,336.8,0.86,39.1,48.36,418.8,2.33,76.9,0.82,19,4,1,1,1,0.87,3107,1211.5,5.32,72.61,120,762.1,31.8,334.3,2.01,32,4,14,4,4,2.2,457.5,386.7,4.93,126.9,295.3,1008.4,7.76,20.9,2.66,53,5,17,7,1
83,KGeBr3,K,Ge,Br,5.547,0.043,5.639871355,0.13109371,0.618,1.4565,2.627143993,5.542824743,1.51,1033,336.8,0.86,39.1,48.36,418.8,2.33,76.9,0.82,19,4,1,1,1,0.87,3107,1211.5,5.32,72.61,120,762.1,31.8,334.3,2.01,32,4,14,4,4,1.96,331.85,265.95,3.12,79.9,324.6,1139.9,5.29,14.72,2.96,35,4,17,7,1
84,KGeCl3,K,Ge,Cl,5.271,2.358,5.328701742,2.652921436,0.904,1.7444,2.322099748,5.409786481,1.51,1033,336.8,0.86,39.1,48.36,418.8,2.33,76.9,0.82,19,4,1,1,1,0.87,3107,1211.5,5.32,72.61,120,762.1,31.8,334.3,2.01,32,4,14,4,4,1.81,239.18,172.17,3.21,35.45,348.8,1251.1,3.21,10.2,3.16,17,3,17,7,1
85,KSnI3,K,Sn,I,6.23,2.708,6.360566115,2.810659338,0.371,1.1074,2.865083072,5.568936307,1.51,1033,336.8,0.86,39.1,48.36,418.8,2.33,76.9,0.82,19,4,1,1,1,1.15,2876,505.12,7.31,118.71,121,708.6,7.2,290.37,1.96,50,5,14,4,2,2.2,457.5,386.7,4.93,126.9,295.3,1008.4,7.76,20.9,2.66,53,5,17,7,1
86,KSnBr3,K,Sn,Br,5.837,0.158,5.941951317,0.26020987,0.528,1.3728,2.49572214,5.446680393,1.51,1033,336.8,0.86,39.1,48.36,418.8,2.33,76.9,0.82,19,4,1,1,1,1.15,2876,505.12,7.31,118.71,121,708.6,7.2,290.37,1.96,50,5,14,4,2,1.96,331.85,265.95,3.12,79.9,324.6,1139.9,5.29,14.72,2.96,35,4,17,7,1
87,KSnCl3,K,Sn,Cl,5.566,2.606,5.634241027,2.70031174,0.879,1.7196,2.194437641,5.343186553,1.51,1033,336.8,0.86,39.1,48.36,418.8,2.33,76.9,0.82,19,4,1,1,1,1.15,2876,505.12,7.31,118.71,121,708.6,7.2,290.37,1.96,50,5,14,4,2,1.81,239.18,172.17,3.21,35.45,348.8,1251.1,3.21,10.2,3.16,17,3,17,7,1
88,KPbI3,K,Pb,I,6.366,2.946,6.42793085,2.983559165,1.449,2.1357,2.32343483,5.47752187,1.51,1033,336.8,0.86,39.1,48.36,418.8,2.33,76.9,0.82,19,4,1,1,1,1.19,2023,600.65,11.35,207.2,110,715.5,4.77,177.9,2.33,82,6,14,4,2,2.2,457.5,386.7,4.93,126.9,295.3,1008.4,7.76,20.9,2.66,53,5,17,7,1
89,KPbBr3,K,Pb,Br,5.965,0.281,6.012849447,0.30791484,1.743,2.5477,2.062160663,5.248874349,1.51,1033,336.8,0.86,39.1,48.36,418.8,2.33,76.9,0.82,19,4,1,1,1,1.19,2023,600.65,11.35,207.2,110,715.5,4.77,177.9,2.33,82,6,14,4,2,1.96,331.85,265.95,3.12,79.9,324.6,1139.9,5.29,14.72,2.96,35,4,17,7,1
90,KPbCl3,K,Pb,Cl,5.692,2.719,5.728638827,2.774300677,2.175,3.0528,1.878620664,5.000760641,1.51,1033,336.8,0.86,39.1,48.36,418.8,2.33,76.9,0.82,19,4,1,1,1,1.19,2023,600.65,11.35,207.2,110,715.5,4.77,177.9,2.33,82,6,14,4,2,1.81,239.18,172.17,3.21,35.45,348.8,1251.1,3.21,10.2,3.16,17,3,17,7,1
91,,Cs,Pb-Ba,I,6.447,0.132,6.485446612,0.076214628,1.748,2.4016,2.223134835,5.338435261,1.74,944,301.54,1.87,132.91,45.49,375.7,2.09,67.74,0.79,55,6,1,1,1,1.22,2029.88,650.82,10.38,198.47,89.75,688.92,5.17,173.19,2.15,78.75,6,12.5,3.75,2,2.2,457.5,386.7,4.93,126.9,295.3,1008.4,7.76,20.9,2.66,53,5,17,7,1
92,,Cs,Pb-Ba,I,6.498,0.166,6.484431755,0.113814909,1.967,2.5845,2.147509338,5.224858711,1.74,944,301.54,1.87,132.91,45.49,375.7,2.09,67.74,0.79,55,6,1,1,1,1.25,2036.75,700.99,9.41,189.73,69.5,662.35,5.58,168.48,1.97,75.5,6,11,3.5,2,2.2,457.5,386.7,4.93,126.9,295.3,1008.4,7.76,20.9,2.66,53,5,17,7,1
93,,Cs,Pb-Ba,I,6.548,0.192,6.510622402,0.149491775,2.282,2.9321,1.999539697,5.078808235,1.74,944,301.54,1.87,132.91,45.49,375.7,2.09,67.74,0.79,55,6,1,1,1,1.28,2043.63,751.16,8.44,181,49.25,635.77,5.98,163.76,1.79,72.25,6,9.5,3.25,2,2.2,457.5,386.7,4.93,126.9,295.3,1008.4,7.76,20.9,2.66,53,5,17,7,1
94,,Cs,Pb-Ba,I,6.598,0.222,6.543737998,0.362850794,2.295,3.0768,1.941163303,4.980185078,1.74,944,301.54,1.87,132.91,45.49,375.7,2.09,67.74,0.79,55,6,1,1,1,1.3,2050.5,801.33,7.47,172.26,29,609.2,6.39,159.05,1.61,69,6,8,3,2,2.2,457.5,386.7,4.93,126.9,295.3,1008.4,7.76,20.9,2.66,53,5,17,7,1
95,,Cs,Pb-Ba,I,6.645,0.236,6.60104274,0.234112969,3.137,3.9657,1.846324457,4.777074627,1.74,944,301.54,1.87,132.91,45.49,375.7,2.09,67.74,0.79,55,6,1,1,1,1.33,2057.38,851.49,6.5,163.53,8.75,582.63,6.79,154.34,1.43,65.75,6,6.5,2.75,2,2.2,457.5,386.7,4.93,126.9,295.3,1008.4,7.76,20.9,2.66,53,5,17,7,1
96,,Cs,Pb-Ba,I,6.694,0.256,6.667835497,0.267033566,3.368,4.1981,1.798516611,4.664093387,1.74,944,301.54,1.87,132.91,45.49,375.7,2.09,67.74,0.79,55,6,1,1,1,1.36,2064.25,901.66,5.53,154.8,-11.5,556.05,7.2,149.63,1.25,62.5,6,5,2.5,2,2.2,457.5,386.7,4.93,126.9,295.3,1008.4,7.76,20.9,2.66,53,5,17,7,1
97,,Cs,Pb-Ba,I,6.741,0.265,6.740872877,0.297497192,3.359,4.2147,1.751775671,4.464674377,1.74,944,301.54,1.87,132.91,45.49,375.7,2.09,67.74,0.79,55,6,1,1,1,1.39,2071.13,951.83,4.56,146.06,-31.75,529.47,7.61,144.91,1.07,59.25,6,3.5,2.25,2,2.2,457.5,386.7,4.93,126.9,295.3,1008.4,7.76,20.9,2.66,53,5,17,7,1
98,,MA,Pb-Ba,I,6.499,0.068,6.543630828,0.459970839,1.893,2.9111,2.165284768,5.306562548,2.17,267,180.65,0.7,32.07,8.68,926.3,6.13,23.85,2.55,73,7,1,1,1,1.22,2029.88,650.82,10.38,198.47,89.75,688.92,5.17,173.19,2.15,78.75,6,12.5,3.75,2,2.2,457.5,386.7,4.93,126.9,295.3,1008.4,7.76,20.9,2.66,53,5,17,7,1
99,,MA,Pb-Ba,I,6.543,0.084,6.576111453,0.473811961,1.998,3.0329,2.075126946,5.216654439,2.17,267,180.65,0.7,32.07,8.68,926.3,6.13,23.85,2.55,73,7,1,1,1,1.25,2036.75,700.99,9.41,189.73,69.5,662.35,5.58,168.48,1.97,75.5,6,11,3.5,2,2.2,457.5,386.7,4.93,126.9,295.3,1008.4,7.76,20.9,2.66,53,5,17,7,1
100,,MA,Pb-Ba,I,6.583,0.095,6.54972539,0.48575913,2.276,3.1834,1.973567985,5.066766205,2.17,267,180.65,0.7,32.07,8.68,926.3,6.13,23.85,2.55,73,7,1,1,1,1.28,2043.63,751.16,8.44,181,49.25,635.77,5.98,163.76,1.79,72.25,6,9.5,3.25,2,2.2,457.5,386.7,4.93,126.9,295.3,1008.4,7.76,20.9,2.66,53,5,17,7,1
101,,MA,Pb-Ba,I,6.605,0.109,6.563682589,0.510902801,2.349,3.1671,1.929887219,4.992480669,2.17,267,180.65,0.7,32.07,8.68,926.3,6.13,23.85,2.55,73,7,1,1,1,1.3,2050.5,801.33,7.47,172.26,29,609.2,6.39,159.05,1.61,69,6,8,3,2,2.2,457.5,386.7,4.93,126.9,295.3,1008.4,7.76,20.9,2.66,53,5,17,7,1
102,,MA,Pb-Ba,I,6.653,0.109,6.604172828,0.514766394,3.067,3.9058,1.848363352,4.80247661,2.17,267,180.65,0.7,32.07,8.68,926.3,6.13,23.85,2.55,73,7,1,1,1,1.33,2057.38,851.49,6.5,163.53,8.75,582.63,6.79,154.34,1.43,65.75,6,6.5,2.75,2,2.2,457.5,386.7,4.93,126.9,295.3,1008.4,7.76,20.9,2.66,53,5,17,7,1
103,,MA,Pb-Ba,I,6.715,0.1,6.694242456,0.514951201,2.725,3.6625,1.796157152,4.678034551,2.17,267,180.65,0.7,32.07,8.68,926.3,6.13,23.85,2.55,73,7,1,1,1,1.36,2064.25,901.66,5.53,154.8,-11.5,556.05,7.2,149.63,1.25,62.5,6,5,2.5,2,2.2,457.5,386.7,4.93,126.9,295.3,1008.4,7.76,20.9,2.66,53,5,17,7,1
104,,MA,Pb-Ba,I,6.789,0.086,6.751394506,0.518750382,3.096,4.0328,1.740234478,4.455123105,2.17,267,180.65,0.7,32.07,8.68,926.3,6.13,23.85,2.55,73,7,1,1,1,1.39,2071.13,951.83,4.56,146.06,-31.75,529.47,7.61,144.91,1.07,59.25,6,3.5,2.25,2,2.2,457.5,386.7,4.93,126.9,295.3,1008.4,7.76,20.9,2.66,53,5,17,7,1
105,,FA,Pb-Ba,I,6.606,-0.418,6.627853,-0.459379402,2.105,2.9785,2.080611803,5.235553521,2.53,319,354,1.1,45.06,8.6,849.1,6.5,29,2.57,91,8,1,1,1,1.22,2029.88,650.82,10.38,198.47,89.75,688.92,5.17,173.19,2.15,78.75,6,12.5,3.75,2,2.2,457.5,386.7,4.93,126.9,295.3,1008.4,7.76,20.9,2.66,53,5,17,7,1
106,,FA,Pb-Ba,I,6.618,-0.464,6.623162601,-0.522178846,2.35,3.2112,2.029603163,5.169335962,2.53,319,354,1.1,45.06,8.6,849.1,6.5,29,2.57,91,8,1,1,1,1.25,2036.75,700.99,9.41,189.73,69.5,662.35,5.58,168.48,1.97,75.5,6,11,3.5,2,2.2,457.5,386.7,4.93,126.9,295.3,1008.4,7.76,20.9,2.66,53,5,17,7,1
107,,FA,Pb-Ba,I,6.65,-0.457,6.650792758,-0.503415591,2.29,3.1655,1.979536039,5.103811031,2.53,319,354,1.1,45.06,8.6,849.1,6.5,29,2.57,91,8,1,1,1,1.28,2043.63,751.16,8.44,181,49.25,635.77,5.98,163.76,1.79,72.25,6,9.5,3.25,2,2.2,457.5,386.7,4.93,126.9,295.3,1008.4,7.76,20.9,2.66,53,5,17,7,1
108,,FA,Pb-Ba,I,6.674,-0.467,6.630935401,-0.50841832,2.387,3.2812,1.911143901,4.965409773,2.53,319,354,1.1,45.06,8.6,849.1,6.5,29,2.57,91,8,1,1,1,1.3,2050.5,801.33,7.47,172.26,29,609.2,6.39,159.05,1.61,69,6,8,3,2,2.2,457.5,386.7,4.93,126.9,295.3,1008.4,7.76,20.9,2.66,53,5,17,7,1
109,,FA,Pb-Ba,I,6.718,-0.503,6.692971508,-0.522591521,2.496,3.4262,1.855821022,4.863821286,2.53,319,354,1.1,45.06,8.6,849.1,6.5,29,2.57,91,8,1,1,1,1.33,2057.38,851.49,6.5,163.53,8.75,582.63,6.79,154.34,1.43,65.75,6,6.5,2.75,2,2.2,457.5,386.7,4.93,126.9,295.3,1008.4,7.76,20.9,2.66,53,5,17,7,1
110,,FA,Pb-Ba,I,6.734,-0.504,6.693104201,-0.510831944,3.201,4.0936,1.81330773,4.688133008,2.53,319,354,1.1,45.06,8.6,849.1,6.5,29,2.57,91,8,1,1,1,1.36,2064.25,901.66,5.53,154.8,-11.5,556.05,7.2,149.63,1.25,62.5,6,5,2.5,2,2.2,457.5,386.7,4.93,126.9,295.3,1008.4,7.76,20.9,2.66,53,5,17,7,1
111,,FA,Pb-Ba,I,6.777,-0.511,6.748265853,-0.49141601,3.192,4.1081,1.767374793,4.488309667,2.53,319,354,1.1,45.06,8.6,849.1,6.5,29,2.57,91,8,1,1,1,1.39,2071.13,951.83,4.56,146.06,-31.75,529.47,7.61,144.91,1.07,59.25,6,3.5,2.25,2,2.2,457.5,386.7,4.93,126.9,295.3,1008.4,7.76,20.9,2.66,53,5,17,7,1
112,,Cs,,I,6.36,0.064,6.283170443,0.057201941,2.732,3.1683,1.970938386,4.95487833,1.74,944,301.54,1.87,132.91,45.49,375.7,2.09,67.74,0.79,55,6,1,1,1,1.15,2077.75,814.94,5.69,113.4,-23.25,640.85,7.17,189.96,1.56,47.5,5,8,3,2,2.2,457.5,386.7,4.93,126.9,295.3,1008.4,7.76,20.9,2.66,53,5,17,7,1
113,,Cs,,I,6.668,0.253,6.667866884,0.28608665,2.903,3.5284,1.780117094,4.577816403,1.74,944,301.54,1.87,132.91,45.49,375.7,2.09,67.74,0.79,55,6,1,1,1,1.33,2137.63,953.64,3.8,122.85,-43.38,539.48,7.97,160.78,1.04,50.75,5.63,3.5,2.25,2,2.2,457.5,386.7,4.93,126.9,295.3,1008.4,7.76,20.9,2.66,53,5,17,7,1
114,,Cs,,I,6.393,0.09,6.345003343,0.093194663,1.672,2.05,2.12851944,5.171907798,1.74,944,301.54,1.87,132.91,45.49,375.7,2.09,67.74,0.79,55,6,1,1,1,1.18,2393.25,801.69,5.91,118.56,25.63,650.66,10.32,224.66,1.63,49.5,5.13,9.5,3.25,2.25,2.2,457.5,386.7,4.93,126.9,295.3,1008.4,7.76,20.9,2.66,53,5,17,7,1
115,,Cs,,Br,5.792,-0.15,5.722139699,-0.16090961,3.116,3.7054,1.878558578,4.678153485,1.74,944,301.54,1.87,132.91,45.49,375.7,2.09,67.74,0.79,55,6,1,1,1,1.01,2267.63,997.1,4.44,78.93,-19.13,663.44,13.71,219.44,1.54,34.5,4.38,8,3,2.5,1.96,331.85,265.95,3.12,79.9,324.6,1139.9,5.29,14.72,2.96,35,4,17,7,1
116,,Cs,,Br,6.218,0.176,6.203636966,0.208107019,3.35,4.0968,1.670612862,4.199635463,1.74,944,301.54,1.87,132.91,45.49,375.7,2.09,67.74,0.79,55,6,1,1,1,1.35,2072,949.89,3.79,122.58,-59.38,540.26,7.96,158.15,1.04,50.75,5.63,3.5,2.25,2,1.96,331.85,265.95,3.12,79.9,324.6,1139.9,5.29,14.72,2.96,35,4,17,7,1
117,,Cs,,Br,5.935,0.021,5.843296793,0.053776305,3.055,3.5718,1.844645483,4.638206391,1.74,944,301.54,1.87,132.91,45.49,375.7,2.09,67.74,0.79,55,6,1,1,1,1.11,2364,1049.14,4.82,103.42,5.25,643.36,16.62,219.1,1.51,43.5,4.88,8,3,2.75,1.96,331.85,265.95,3.12,79.9,324.6,1139.9,5.29,14.72,2.96,35,4,17,7,1
118,,Cs,,Br,5.88,-0.104,5.873309497,-0.085701254,1.503,2.1322,2.132232378,5.221620333,1.74,944,301.54,1.87,132.91,45.49,375.7,2.09,67.74,0.79,55,6,1,1,1,1.09,2694.13,819.68,5.63,99.68,64.5,681.41,13.62,265.62,1.72,42.5,4.75,11,3.5,2.5,1.96,331.85,265.95,3.12,79.9,324.6,1139.9,5.29,14.72,2.96,35,4,17,7,1
119,,Cs,,Cl,5.622,1.532,5.583336751,1.660591862,2.387,3.2362,1.812351291,4.716355887,1.74,944,301.54,1.87,132.91,45.49,375.7,2.09,67.74,0.79,55,6,1,1,1,1.09,2234.38,931.37,6.42,123.04,25.75,669.15,12.87,206.48,1.74,50.75,5,9.5,3.25,2.5,1.81,239.18,172.17,3.21,35.45,348.8,1251.1,3.21,10.2,3.16,17,3,17,7,1
120,,Cs,,Cl,5.537,1.408,5.526440193,1.563699556,1.951,2.7063,1.95289445,5.058335231,1.74,944,301.54,1.87,132.91,45.49,375.7,2.09,67.74,0.79,55,6,1,1,1,1.04,2563.5,924.92,5.75,98.77,48.5,694.79,16.41,256.64,1.78,42,4.63,11,3.5,2.75,1.81,239.18,172.17,3.21,35.45,348.8,1251.1,3.21,10.2,3.16,17,3,17,7,1
121,,Cs,,Cl,5.715,1.647,5.714654344,1.727249249,4.952,6.2465,1.594754395,3.142454512,1.74,944,301.54,1.87,132.91,45.49,375.7,2.09,67.74,0.79,55,6,1,1,1,1.2,1799,1058.25,2.43,82.22,-134.5,552.96,8.28,144.39,0.95,35.75,4.88,2,2,2,1.81,239.18,172.17,3.21,35.45,348.8,1251.1,3.21,10.2,3.16,17,3,17,7,1
122,,FA,,I,6.559,-0.39,6.471078265,-0.405791445,2.647,3.0865,1.947171731,5.013525597,2.53,319,354,1.1,45.06,8.6,849.1,6.5,29,2.57,91,8,1,1,1,1.21,2293.5,863.8,5.44,120.89,4,624.95,10.42,205.89,1.49,50.25,5.25,8,3,2.25,2.2,457.5,386.7,4.93,126.9,295.3,1008.4,7.76,20.9,2.66,53,5,17,7,1
123,,FA,,I,6.535,-0.436,6.630900601,-0.43606941,1.633,2.8292,2.130689631,5.253997177,2.53,319,354,1.1,45.06,8.6,849.1,6.5,29,2.57,91,8,1,1,1,1.13,2407.5,791.59,8.37,153.76,93.63,699.71,12.24,226.35,2.02,62.25,5.38,12.5,3.75,2.5,2.2,457.5,386.7,4.93,126.9,295.3,1008.4,7.76,20.9,2.66,53,5,17,7,1
124,,K,,I,6.278,2.942,6.243871541,2.956817629,1.445,1.6783,2.140128213,5.194946753,1.51,1033,336.8,0.86,39.1,48.36,418.8,2.33,76.9,0.82,19,4,1,1,1,1.13,2369.25,894.99,5.53,106.59,11,663.17,13.42,229.74,1.64,45,4.88,9.5,3.25,2.5,2.2,457.5,386.7,4.93,126.9,295.3,1008.4,7.76,20.9,2.66,53,5,17,7,1
125,,K,,I,6.235,2.966,6.212048386,2.969952705,1.543,2.1675,2.13708939,5.181121152,1.51,1033,336.8,0.86,39.1,48.36,418.8,2.33,76.9,0.82,19,4,1,1,1,1.07,2181.5,936.37,6.29,116.82,11.25,674.98,12.9,206.07,1.75,48.5,4.88,9.5,3.25,2.5,2.2,457.5,386.7,4.93,126.9,295.3,1008.4,7.76,20.9,2.66,53,5,17,7,1
126,,K,,I,6.133,2.933,6.146894796,2.94699903,1.283,1.8017,2.398639226,5.367748069,1.51,1033,336.8,0.86,39.1,48.36,418.8,2.33,76.9,0.82,19,4,1,1,1,1.01,2608.5,1092.77,5.38,93.19,46.75,703.13,22.52,265.4,1.78,39.75,4.5,11,3.5,3.25,2.2,457.5,386.7,4.93,126.9,295.3,1008.4,7.76,20.9,2.66,53,5,17,7,1
127,,K,,I,6.256,2.953,6.225646637,2.963164691,1.553,1.8844,2.132726913,5.191479918,1.51,1033,336.8,0.86,39.1,48.36,418.8,2.33,76.9,0.82,19,4,1,1,1,1.1,2275.38,915.68,5.91,111.71,11.13,669.08,13.16,217.91,1.69,46.75,4.88,9.5,3.25,2.5,2.2,457.5,386.7,4.93,126.9,295.3,1008.4,7.76,20.9,2.66,53,5,17,7,1
128,,K,,Br,5.925,0.412,5.889469543,0.43846267,3.313,4.027,1.743308188,4.431571836,1.51,1033,336.8,0.86,39.1,48.36,418.8,2.33,76.9,0.82,19,4,1,1,1,1.15,2006.88,965.35,4.97,109.97,-45,621.83,10.35,176.68,1.43,46,5,6.5,2.75,2.25,1.96,331.85,265.95,3.12,79.9,324.6,1139.9,5.29,14.72,2.96,35,4,17,7,1
129,,K,,Br,5.955,0.384,5.949113933,0.412528665,1.577,2.3454,1.968607105,5.078245759,1.51,1033,336.8,0.86,39.1,48.36,418.8,2.33,76.9,0.82,19,4,1,1,1,1.18,2226,770.4,8.02,155.63,57.63,673.14,9.29,201.67,1.89,63,5.5,11,3.5,2.25,1.96,331.85,265.95,3.12,79.9,324.6,1139.9,5.29,14.72,2.96,35,4,17,7,1
130,,K,,Br,6.135,0.601,6.094452033,0.656563985,2.986,3.6298,1.71577348,4.531546415,1.51,1033,336.8,0.86,39.1,48.36,418.8,2.33,76.9,0.82,19,4,1,1,1,1.3,2217.75,832.61,5.36,135.19,-3,586.73,7.43,182.04,1.34,55.5,5.63,6.5,2.75,2,1.96,331.85,265.95,3.12,79.9,324.6,1139.9,5.29,14.72,2.96,35,4,17,7,1
131,,K,,Br,5.794,0.36,5.703101752,0.398545062,3.043,3.5184,1.840040644,4.698589533,1.51,1033,336.8,0.86,39.1,48.36,418.8,2.33,76.9,0.82,19,4,1,1,1,1.05,2446.63,1130.5,3.94,80.39,-8,655.01,20.02,238.23,1.48,35,4.5,8,3,3,1.96,331.85,265.95,3.12,79.9,324.6,1139.9,5.29,14.72,2.96,35,4,17,7,1
132,,K,,Br,6.042,0.522,5.952731233,0.564888881,2.93,3.4537,1.768711753,4.54516584,1.51,1033,336.8,0.86,39.1,48.36,418.8,2.33,76.9,0.82,19,4,1,1,1,1.24,2239.75,870.74,6.08,138.17,17.13,619.99,10.1,192.25,1.53,56.5,5.5,8,3,2.25,1.96,331.85,265.95,3.12,79.9,324.6,1139.9,5.29,14.72,2.96,35,4,17,7,1
133,,K,,Cl,5.52,2.765,5.509833232,2.961099952,1.711,2.4061,1.940036686,5.069003684,1.51,1033,336.8,0.86,39.1,48.36,418.8,2.33,76.9,0.82,19,4,1,1,1,1.04,2820.88,1070.83,5.14,94.55,77.13,690.61,22.78,280.28,1.72,40.25,4.63,11,3.5,3.25,1.81,239.18,172.17,3.21,35.45,348.8,1251.1,3.21,10.2,3.16,17,3,17,7,1
134,,K,,Cl,5.583,2.802,5.550037992,2.874308745,3.345,4.0655,1.655601019,4.14907027,1.51,1033,336.8,0.86,39.1,48.36,418.8,2.33,76.9,0.82,19,4,1,1,1,1.11,2126.25,962.16,4.34,92.96,-42.13,626,10.7,192.96,1.39,39.75,4.75,6.5,2.75,2.25,1.81,239.18,172.17,3.21,35.45,348.8,1251.1,3.21,10.2,3.16,17,3,17,7,1
135,,K,,Cl,5.615,2.791,5.605649567,2.903350003,1.959,2.7044,1.864122803,4.994535343,1.51,1033,336.8,0.86,39.1,48.36,418.8,2.33,76.9,0.82,19,4,1,1,1,1.14,2468.13,834.82,6.76,127.75,60.25,678.1,12.97,235.28,1.8,52.75,5.13,11,3.5,2.5,1.81,239.18,172.17,3.21,35.45,348.8,1251.1,3.21,10.2,3.16,17,3,17,7,1
136,,K,,Cl,5.572,2.825,5.572125901,2.862196748,4.486,5.7679,1.567522319,3.186030134,1.51,1033,336.8,0.86,39.1,48.36,418.8,2.33,76.9,0.82,19,4,1,1,1,1.1,1837.25,1084.5,2.06,64.39,-130,568.07,8.4,151.05,0.97,29,4.5,2,2,2,1.81,239.18,172.17,3.21,35.45,348.8,1251.1,3.21,10.2,3.16,17,3,17,7,1
137,,MA,,I,6.361,-0.082,6.515791584,0.429519426,1.039,2.6764,2.389009867,5.399537047,2.17,267,180.65,0.7,32.07,8.68,926.3,6.13,23.85,2.55,73,7,1,1,1,1.14,2629.5,592.92,7.09,119.94,85,694.61,7.06,259.35,1.89,50.25,5,12.5,3.75,2,2.2,457.5,386.7,4.93,126.9,295.3,1008.4,7.76,20.9,2.66,53,5,17,7,1
138,,MA,,I,6.505,0.077,6.471569068,0.464349559,2.924,3.7586,1.84033575,4.671282643,2.17,267,180.65,0.7,32.07,8.68,926.3,6.13,23.85,2.55,73,7,1,1,1,1.23,1812.63,935.41,4.75,117.79,-82.5,590.21,7.36,149.78,1.29,49,5.25,5,2.5,2,2.2,457.5,386.7,4.93,126.9,295.3,1008.4,7.76,20.9,2.66,53,5,17,7,1
139,,MA,,I,6.476,0,6.493818823,0.426414721,1.476,2.2962,2.156829255,5.23817514,2.17,267,180.65,0.7,32.07,8.68,926.3,6.13,23.85,2.55,73,7,1,1,1,1.18,2705.38,717.64,6.13,117.6,77.63,663.86,10.48,258.32,1.7,49.25,5.13,11,3.5,2.25,2.2,457.5,386.7,4.93,126.9,295.3,1008.4,7.76,20.9,2.66,53,5,17,7,1
140,,MA,,Br,6.057,-0.037,6.004395768,-0.04589676,3.662,4.4124,1.760365779,4.321847742,2.17,267,180.65,0.7,32.07,8.68,926.3,6.13,23.85,2.55,73,7,1,1,1,1.19,1871.38,888.99,5.73,126.79,-46.25,616,6.97,157.13,1.47,52.25,5.25,6.5,2.75,2,1.96,331.85,265.95,3.12,79.9,324.6,1139.9,5.29,14.72,2.96,35,4,17,7,1
141,,MA,,Br,5.886,-0.101,5.845380682,-0.087399561,2.183,3.1339,1.905511275,4.881369205,2.17,267,180.65,0.7,32.07,8.68,926.3,6.13,23.85,2.55,73,7,1,1,1,0.96,2465.25,1097.83,4.66,77.23,15.25,691.66,19.7,247.39,1.67,33.75,4.25,9.5,3.25,3,1.96,331.85,265.95,3.12,79.9,324.6,1139.9,5.29,14.72,2.96,35,4,17,7,1
142,,MA,,Br,6.074,-0.041,6.00402713,-0.029972776,3.194,3.7528,1.792581731,4.487284661,2.17,267,180.65,0.7,32.07,8.68,926.3,6.13,23.85,2.55,73,7,1,1,1,1.21,2011.25,813.13,6.45,136.62,-11.63,630.85,6.81,174.09,1.59,56,5.38,8,3,2,1.96,331.85,265.95,3.12,79.9,324.6,1139.9,5.29,14.72,2.96,35,4,17,7,1
143,,MA,,Br,5.984,-0.066,5.930694109,-0.060316499,3.303,3.9511,1.795132506,4.568408888,2.17,267,180.65,0.7,32.07,8.68,926.3,6.13,23.85,2.55,73,7,1,1,1,1.11,2110.13,882.61,4.47,92.78,-40.5,624.35,7.66,189.69,1.39,39.75,4.75,6.5,2.75,2,1.96,331.85,265.95,3.12,79.9,324.6,1139.9,5.29,14.72,2.96,35,4,17,7,1
144,,MA,,Cl,5.719,-0.088,5.672303745,-0.072733504,4.343,5.2918,1.68389464,3.606745465,2.17,267,180.65,0.7,32.07,8.68,926.3,6.13,23.85,2.55,73,7,1,1,1,1.12,1896.88,906.49,5.48,114.91,-43.25,626.08,7.05,161.57,1.48,47.75,5,6.5,2.75,2,1.81,239.18,172.17,3.21,35.45,348.8,1251.1,3.21,10.2,3.16,17,3,17,7,1
145,,MA,,Cl,5.647,-0.068,5.57227737,0.051680871,3.824,4.66,1.733392523,4.174995479,2.17,267,180.65,0.7,32.07,8.68,926.3,6.13,23.85,2.55,73,7,1,1,1,1.04,2271,1067.89,4.44,85.05,-22.25,660.05,16.7,220.49,1.53,36.75,4.5,8,3,2.75,1.81,239.18,172.17,3.21,35.45,348.8,1251.1,3.21,10.2,3.16,17,3,17,7,1
146,,MA,,Cl,5.748,-0.137,5.702486245,-0.026647155,2.718,3.6576,1.753520925,4.619646393,2.17,267,180.65,0.7,32.07,8.68,926.3,6.13,23.85,2.55,73,7,1,1,1,1.11,2557.63,966.34,4.91,95.98,26.75,663.18,16.78,249.71,1.59,41,4.75,9.5,3.25,2.75,1.81,239.18,172.17,3.21,35.45,348.8,1251.1,3.21,10.2,3.16,17,3,17,7,1
147,,MA,,Cl,5.74,-0.209,5.781514675,-0.142656709,2.008,3.5808,1.903864596,5.021566076,2.17,267,180.65,0.7,32.07,8.68,926.3,6.13,23.85,2.55,73,7,1,1,1,1.15,2416.25,616.8,8.11,142.06,82.25,696.34,6.46,231.23,1.98,58.25,5.25,12.5,3.75,2,1.81,239.18,172.17,3.21,35.45,348.8,1251.1,3.21,10.2,3.16,17,3,17,7,1
148,,Rb,,I,6.355,2.474,6.408458894,2.48745392,1.28,1.9178,2.312154482,5.406032672,1.61,961,312.63,1.53,85.47,46.89,403,2.34,69.2,0.82,37,5,1,1,1,1.19,2190.25,631.94,9.24,170.13,78,693.02,5.81,200.89,2.06,68.5,5.63,12.5,3.75,2,2.2,457.5,386.7,4.93,126.9,295.3,1008.4,7.76,20.9,2.66,53,5,17,7,1
149,,Rb,,I,6.364,2.517,6.344556357,2.496146692,1.683,2.2445,2.069705114,5.132645699,1.61,961,312.63,1.53,85.47,46.89,403,2.34,69.2,0.82,37,5,1,1,1,1.18,2004.38,762.96,7.42,145.35,8.63,657.42,6.4,178.81,1.77,59.25,5.38,9.5,3.25,2,2.2,457.5,386.7,4.93,126.9,295.3,1008.4,7.76,20.9,2.66,53,5,17,7,1
150,,Rb,,I,6.466,2.604,6.429276829,2.604475994,2.602,3.0359,1.882732314,4.88553955,1.61,961,312.63,1.53,85.47,46.89,403,2.34,69.2,0.82,37,5,1,1,1,1.23,2124.75,851.36,4.97,116.82,-30.5,603.41,7.52,183.44,1.37,48.75,5.25,6.5,2.75,2,2.2,457.5,386.7,4.93,126.9,295.3,1008.4,7.76,20.9,2.66,53,5,17,7,1
151,,Rb,,I,6.054,2.415,6.165487613,2.477118708,0.545,1.2472,2.876428593,5.62169129,1.61,961,312.63,1.53,85.47,46.89,403,2.34,69.2,0.82,37,5,1,1,1,0.94,2942.63,1046.85,6.32,95.2,118.88,749.59,25.35,309.26,2.04,40.5,4.38,14,4,3.5,2.2,457.5,386.7,4.93,126.9,295.3,1008.4,7.76,20.9,2.66,53,5,17,7,1
152,,Rb,,I,6.354,2.52,6.26653969,2.516233425,2.737,3.2074,1.951294448,4.973995394,1.61,961,312.63,1.53,85.47,46.89,403,2.34,69.2,0.82,37,5,1,1,1,1.18,2187.75,873.8,5.18,108.46,-25,636.6,10.47,205.07,1.51,45.75,5,8,3,2.25,2.2,457.5,386.7,4.93,126.9,295.3,1008.4,7.76,20.9,2.66,53,5,17,7,1
153,,Rb,,Br,5.778,-0.012,5.787779733,0.000693444,1.539,2.2064,2.120827175,5.228675194,1.61,961,312.63,1.53,85.47,46.89,403,2.34,69.2,0.82,37,5,1,1,1,1.05,2547.38,845.38,5.88,98.59,50.13,693.14,13.38,253.37,1.78,42,4.63,11,3.5,2.5,1.96,331.85,265.95,3.12,79.9,324.6,1139.9,5.29,14.72,2.96,35,4,17,7,1
154,,Rb,,Br,6.066,0.259,5.980429397,0.291972916,3.149,3.6573,1.761055271,4.427634406,1.61,961,312.63,1.53,85.47,46.89,403,2.34,69.2,0.82,37,5,1,1,1,1.26,2051.38,799.38,6.7,148.78,1.38,619.99,6.74,172.28,1.58,60.5,5.63,8,3,2,1.96,331.85,265.95,3.12,79.9,324.6,1139.9,5.29,14.72,2.96,35,4,17,7,1
155,,Rb,,Br,5.986,0.262,5.894977017,0.294833028,3.3,3.8671,1.790129904,4.53560236,1.61,961,312.63,1.53,85.47,46.89,403,2.34,69.2,0.82,37,5,1,1,1,1.19,2215.75,964.04,5.7,126.19,2.5,632.5,13.2,197.33,1.54,52,5.25,8,3,2.5,1.96,331.85,265.95,3.12,79.9,324.6,1139.9,5.29,14.72,2.96,35,4,17,7,1
156,,Rb,,Br,5.837,0.034,5.8087347,0.02954325,2.208,2.888,1.916388097,4.920124569,1.61,961,312.63,1.53,85.47,46.89,403,2.34,69.2,0.82,37,5,1,1,1,1.08,2058.75,868.76,6.92,127.71,11.5,674.19,9.56,188.74,1.79,52.5,5,9.5,3.25,2.25,1.96,331.85,265.95,3.12,79.9,324.6,1139.9,5.29,14.72,2.96,35,4,17,7,1
157,,Rb,,Br,5.965,0.153,5.925788518,0.151107992,3.803,4.5032,1.736165736,4.192746719,1.61,961,312.63,1.53,85.47,46.89,403,2.34,69.2,0.82,37,5,1,1,1,1.2,1805.75,885.24,5.72,126.52,-62.25,616.79,6.96,154.5,1.47,52.25,5.25,6.5,2.75,2,1.96,331.85,265.95,3.12,79.9,324.6,1139.9,5.29,14.72,2.96,35,4,17,7,1
158,,Rb,,Cl,5.51,-0.019,5.482913555,0.023888039,3.738,4.4997,1.660409916,4.139858572,1.61,961,312.63,1.53,85.47,46.89,403,2.34,69.2,0.82,37,5,1,1,1,1.07,2040.13,1031.08,2.99,65.86,-89.88,616.11,11.19,189.64,1.23,29.75,4.38,5,2.5,2.25,1.81,239.18,172.17,3.21,35.45,348.8,1251.1,3.21,10.2,3.16,17,3,17,7,1
159,,Rb,,Cl,5.565,-0.017,5.530833886,0.035055657,2.436,3.2691,1.795208049,4.802276104,1.61,961,312.63,1.53,85.47,46.89,403,2.34,69.2,0.82,37,5,1,1,1,1.1,2259.25,836.13,6.04,111.53,12.75,667.42,10.13,214.63,1.69,46.75,4.88,9.5,3.25,2.25,1.81,239.18,172.17,3.21,35.45,348.8,1251.1,3.21,10.2,3.16,17,3,17,7,1
160,,Rb,,Cl,5.847,0.455,5.823609136,0.53640597,3.141,3.8759,1.609232085,4.133746646,1.61,961,312.63,1.53,85.47,46.89,403,2.34,69.2,0.82,37,5,1,1,1,1.26,2266.25,979.83,4.02,114.76,-21.88,571.88,10.95,185.04,1.18,47.75,5.38,5,2.5,2.25,1.81,239.18,172.17,3.21,35.45,348.8,1251.1,3.21,10.2,3.16,17,3,17,7,1
161,,Rb,,Cl,5.936,0.499,5.910253441,0.553476871,3.286,4.0563,1.598625529,4.227979556,1.61,961,312.63,1.53,85.47,46.89,403,2.34,69.2,0.82,37,5,1,1,1,1.35,2277.5,877.78,4.52,132.68,-8.75,554.32,7.81,177.74,1.16,54.5,5.75,5,2.5,2,1.81,239.18,172.17,3.21,35.45,348.8,1251.1,3.21,10.2,3.16,17,3,17,7,1
162,,Rb,,Cl,5.568,0.173,5.533284935,0.284691572,3.531,4.2559,1.691448208,4.221795156,1.61,961,312.63,1.53,85.47,46.89,403,2.34,69.2,0.82,37,5,1,1,1,1.06,2343.5,1121.81,3.47,76.59,-26.5,632.69,17.13,218.41,1.35,33.5,4.5,6.5,2.75,2.75,1.81,239.18,172.17,3.21,35.45,348.8,1251.1,3.21,10.2,3.16,17,3,17,7,1
163,,K,,I,6.512,3.029,6.511701562,3.061064933,3.105,4.062,1.762384461,4.497985181,1.51,1033,336.8,0.86,39.1,48.36,418.8,2.33,76.9,0.82,19,4,1,1,1,1.29,1806.75,976.83,3.9,115,-104.25,558.6,7.72,142.85,1.11,48,5.38,3.5,2.25,2,2.2,457.5,386.7,4.93,126.9,295.3,1008.4,7.76,20.9,2.66,53,5,17,7,1
164,,K,,Cl,5.46,2.711,5.427282952,2.836557506,3.806,4.6029,1.690729438,4.169495228,1.51,1033,336.8,0.86,39.1,48.36,418.8,2.33,76.9,0.82,19,4,1,1,1,1,2303.38,1135.56,3.22,64.43,-39.5,643.55,17.19,220.22,1.36,29,4.25,6.5,2.75,2.75,1.81,239.18,172.17,3.21,35.45,348.8,1251.1,3.21,10.2,3.16,17,3,17,7,1
165,,FA,,I,6.52,-0.552,6.636988331,-0.548172409,1.257,2.7725,2.225979539,5.30433193,2.53,319,354,1.1,45.06,8.6,849.1,6.5,29,2.57,91,8,1,1,1,1.15,2805.13,655.53,6.6,115.28,99.25,689.58,10.38,277.09,1.83,48.5,5,12.5,3.75,2.25,2.2,457.5,386.7,4.93,126.9,295.3,1008.4,7.76,20.9,2.66,53,5,17,7,1
166,,FA,,Br,6.211,-0.614,6.101200462,-0.643631073,3.63,4.4184,1.769158067,4.396274646,2.53,319,354,1.1,45.06,8.6,849.1,6.5,29,2.57,91,8,1,1,1,1.25,1891.88,816.33,7.08,153.62,-14.5,626.67,6.46,157.81,1.63,62.25,5.63,8,3,2,1.96,331.85,265.95,3.12,79.9,324.6,1139.9,5.29,14.72,2.96,35,4,17,7,1
167,,FA,,Br,6.252,-0.63,6.101200462,-0.687245605,2.834,3.8938,1.784123731,4.63441528,2.53,319,354,1.1,45.06,8.6,849.1,6.5,29,2.57,91,8,1,1,1,1.2,2314.63,903.87,6.93,147.35,51.75,647.42,12.74,202.86,1.71,59.75,5.5,9.5,3.25,2.5,1.96,331.85,265.95,3.12,79.9,324.6,1139.9,5.29,14.72,2.96,35,4,17,7,1
168,,FA,,Br,6.173,-0.691,6.139303066,-0.696453016,2.818,3.738,1.808903143,4.68923794,2.53,319,354,1.1,45.06,8.6,849.1,6.5,29,2.57,91,8,1,1,1,1.15,1910.5,783.66,7.8,150.47,8.75,663.33,6.14,166.97,1.83,61,5.38,9.5,3.25,2,1.96,331.85,265.95,3.12,79.9,324.6,1139.9,5.29,14.72,2.96,35,4,17,7,1
169,,FA,,Br,6.232,-0.563,6.104844992,-0.725709529,3.194,3.7436,1.79977101,4.645869871,2.53,319,354,1.1,45.06,8.6,849.1,6.5,29,2.57,91,8,1,1,1,1.25,2399.25,853.8,5.71,133.32,33,613.3,10.38,206.72,1.48,54.75,5.5,8,3,2.25,1.96,331.85,265.95,3.12,79.9,324.6,1139.9,5.29,14.72,2.96,35,4,17,7,1
170,,MA,,I,6.409,0.133,6.322841696,0.547002319,2.614,3.0204,1.988957758,5.048141647,2.17,267,180.65,0.7,32.07,8.68,926.3,6.13,23.85,2.55,73,7,1,1,1,1.14,2457.88,1028.45,4.44,98.31,5.13,637.46,16.88,230.93,1.46,41.75,4.88,8,3,2.75,2.2,457.5,386.7,4.93,126.9,295.3,1008.4,7.76,20.9,2.66,53,5,17,7,1
171,,MA,,I,6.468,0.085,6.440998628,0.49346985,1.986,2.8399,2.001674635,5.072153803,2.17,267,180.65,0.7,32.07,8.68,926.3,6.13,23.85,2.55,73,7,1,1,1,1.16,2086.13,846.26,7.3,145.8,23,658.29,9.45,184.71,1.77,59.25,5.38,9.5,3.25,2.25,2.2,457.5,386.7,4.93,126.9,295.3,1008.4,7.76,20.9,2.66,53,5,17,7,1
172,,MA,,Br,6.118,0.038,6.05576892,0.052519416,2.982,3.4893,1.76440021,4.553755685,2.17,267,180.65,0.7,32.07,8.68,926.3,6.13,23.85,2.55,73,7,1,1,1,1.22,2190.38,855.11,4.98,117.1,-14.5,602.63,7.53,186.07,1.36,48.75,5.25,6.5,2.75,2,1.96,331.85,265.95,3.12,79.9,324.6,1139.9,5.29,14.72,2.96,35,4,17,7,1
173,,MA,,Cl,5.69,-0.249,5.73892963,-0.187274253,2.043,3.36,1.884534529,5.010013754,2.17,267,180.65,0.7,32.07,8.68,926.3,6.13,23.85,2.55,73,7,1,1,1,1.03,2822.75,845.87,5.84,91.59,86,713.81,16.59,289.88,1.86,39.5,4.5,12.5,3.75,2.75,1.81,239.18,172.17,3.21,35.45,348.8,1251.1,3.21,10.2,3.16,17,3,17,7,1
174,,FA,,I,6.455,-0.389,6.464675738,-0.432233375,2.057,2.9514,1.975146179,5.05296011,2.53,319,354,1.1,45.06,8.6,849.1,6.5,29,2.57,91,8,1,1,1,1,2329.75,1021.48,5.41,94.06,14,685.84,16.32,227.84,1.71,40,4.5,9.5,3.25,2.75,2.2,457.5,386.7,4.93,126.9,295.3,1008.4,7.76,20.9,2.66,53,5,17,7,1
175,,Cs,,I,6.111,0.117,6.15272924,0.136229611,1.036,1.605,2.678597958,5.510655375,1.74,944,301.54,1.87,132.91,45.49,375.7,2.09,67.74,0.79,55,6,1,1,1,0.94,2978.38,1185.31,5.1,80.7,98.5,729.7,28.83,310.04,1.87,35,4.25,12.5,3.75,3.75,2.2,457.5,386.7,4.93,126.9,295.3,1008.4,7.76,20.9,2.66,53,5,17,7,1
176,,Cs,,I,6.334,-0.041,6.427286327,0.004272978,0.963,1.6539,2.523243343,5.508429277,1.74,944,301.54,1.87,132.91,45.49,375.7,2.09,67.74,0.79,55,6,1,1,1,1.17,2449.5,552.88,9.33,162.95,115.5,712.05,5.98,234.13,2.15,66,5.5,14,4,2,2.2,457.5,386.7,4.93,126.9,295.3,1008.4,7.76,20.9,2.66,53,5,17,7,1
177,,Cs,,Br,6.31,0.25,6.30960982,0.291173844,3.976,5.1008,1.622088705,3.496050643,1.74,944,301.54,1.87,132.91,45.49,375.7,2.09,67.74,0.79,55,6,1,1,1,1.4,2025.13,1007,3.46,131.12,-66.5,508.72,8.03,139.79,0.9,53.75,5.88,2,2,2,1.96,331.85,265.95,3.12,79.9,324.6,1139.9,5.29,14.72,2.96,35,4,17,7,1
178,,Cs,,Cl,6.004,1.967,6.004353567,2.07416956,3.584,4.4177,1.585187233,3.962421593,1.74,944,301.54,1.87,132.91,45.49,375.7,2.09,67.74,0.79,55,6,1,1,1,1.39,2177.75,939.89,4.05,135,-30.38,528.61,7.91,158.97,1.02,55.25,5.88,3.5,2.25,2,1.81,239.18,172.17,3.21,35.45,348.8,1251.1,3.21,10.2,3.16,17,3,17,7,1
179,,FA,,Br,6.139,-0.851,6.25818541,-0.837315426,2.021,3.7607,1.976789424,5.142204927,2.53,319,354,1.1,45.06,8.6,849.1,6.5,29,2.57,91,8,1,1,1,1.03,2565,906.08,8.34,139.91,115,738.8,18.29,256.1,2.17,57,5,14,4,3,1.96,331.85,265.95,3.12,79.9,324.6,1139.9,5.29,14.72,2.96,35,4,17,7,1
180,,K,,I,6.154,2.893,6.154438847,2.904814635,3.063,3.9002,1.873572393,4.642788671,1.51,1033,336.8,0.86,39.1,48.36,418.8,2.33,76.9,0.82,19,4,1,1,1,0.98,1925.75,1124.44,2.02,44.14,-121.5,611.34,11.44,177.12,1.13,21.5,4,3.5,2.25,2.25,2.2,457.5,386.7,4.93,126.9,295.3,1008.4,7.76,20.9,2.66,53,5,17,7,1
181,,K,,I,6.258,2.95,6.258238925,2.969141866,3.202,4.1623,1.793041867,4.20107807,1.51,1033,336.8,0.86,39.1,48.36,418.8,2.33,76.9,0.82,19,4,1,1,1,1.05,1797.13,1098.25,1.8,52.23,-143,578.94,8.46,152.86,0.99,24.5,4.25,2,2,2,2.2,457.5,386.7,4.93,126.9,295.3,1008.4,7.76,20.9,2.66,53,5,17,7,1
182,,K,,Br,5.859,0.175,5.953463408,0.269683911,0.672,1.4921,2.409839621,5.420653381,1.51,1033,336.8,0.86,39.1,48.36,418.8,2.33,76.9,0.82,19,4,1,1,1,1.15,2769.38,517.06,7.81,129.77,119.63,709.46,6.9,276.31,2.01,54,5.13,14,4,2,1.96,331.85,265.95,3.12,79.9,324.6,1139.9,5.29,14.72,2.96,35,4,17,7,1
183,,K,,Br,6.142,0.566,6.052765535,0.612079095,3.384,4.0646,1.733428336,4.307577042,1.51,1033,336.8,0.86,39.1,48.36,418.8,2.33,76.9,0.82,19,4,1,1,1,1.3,2050.5,801.33,7.47,172.26,29,609.2,6.39,159.05,1.61,69,6,8,3,2,1.96,331.85,265.95,3.12,79.9,324.6,1139.9,5.29,14.72,2.96,35,4,17,7,1
184,,K,,Br,6.011,0.479,6.010763355,0.521901803,3.681,4.8118,1.635174541,3.680199709,1.51,1033,336.8,0.86,39.1,48.36,418.8,2.33,76.9,0.82,19,4,1,1,1,1.21,1917.5,1057,2.57,88.7,-104,546.35,8.27,147.44,0.95,38,5,2,2,2,1.96,331.85,265.95,3.12,79.9,324.6,1139.9,5.29,14.72,2.96,35,4,17,7,1
185,,K,,Cl,5.949,3.312,5.93984983,3.410237818,3.696,4.5807,1.550641285,3.906000914,1.51,1033,336.8,0.86,39.1,48.36,418.8,2.33,76.9,0.82,19,4,1,1,1,1.35,2206.63,1028.19,3.81,129.24,-30.5,535.3,10.98,164.46,1.03,53,5.75,3.5,2.25,2.25,1.81,239.18,172.17,3.21,35.45,348.8,1251.1,3.21,10.2,3.16,17,3,17,7,1
186,,K,,Cl,5.327,2.464,5.353512715,2.719107523,1.361,2.1302,2.136363207,5.282405809,1.51,1033,336.8,0.86,39.1,48.36,418.8,2.33,76.9,0.82,19,4,1,1,1,0.92,2925.5,1190.31,4.97,74.49,84,735.52,28.85,309.63,1.88,32.75,4.13,12.5,3.75,3.75,1.81,239.18,172.17,3.21,35.45,348.8,1251.1,3.21,10.2,3.16,17,3,17,7,1
187,,K,,Cl,5.73,2.96,5.730086062,3.00989189,4.363,5.6418,1.534320863,3.1751502,1.51,1033,336.8,0.86,39.1,48.36,418.8,2.33,76.9,0.82,19,4,1,1,1,1.28,1707.88,1037,2.67,93.83,-153.5,543.67,8.18,137.31,0.94,40.25,5.13,2,2,2,1.81,239.18,172.17,3.21,35.45,348.8,1251.1,3.21,10.2,3.16,17,3,17,7,1
188,,MA,,I,6.357,-0.106,6.551709459,0.404656022,0.993,2.8925,2.4126656,5.406875096,2.17,267,180.65,0.7,32.07,8.68,926.3,6.13,23.85,2.55,73,7,1,1,1,1.13,2736.13,580.98,6.59,108.88,86.38,693.75,7.37,273.41,1.84,46.25,4.88,12.5,3.75,2,2.2,457.5,386.7,4.93,126.9,295.3,1008.4,7.76,20.9,2.66,53,5,17,7,1
189,,MA,,I,6.315,0.125,6.232681519,0.526457662,2.616,3.4319,2.010637713,5.067641167,2.17,267,180.65,0.7,32.07,8.68,926.3,6.13,23.85,2.55,73,7,1,1,1,1.06,2381,1126.75,3.93,80.12,-24,655.8,20,235.6,1.48,35,4.5,8,3,3,2.2,457.5,386.7,4.93,126.9,295.3,1008.4,7.76,20.9,2.66,53,5,17,7,1
190,,MA,,Br,6.038,-0.058,5.960270012,-0.037416976,3.26,3.942,1.814800297,4.703940884,2.17,267,180.65,0.7,32.07,8.68,926.3,6.13,23.85,2.55,73,7,1,1,1,1.21,2265.5,773.56,4.92,103.16,-23.5,629.05,7.7,213.63,1.46,44,5,8,3,2,1.96,331.85,265.95,3.12,79.9,324.6,1139.9,5.29,14.72,2.96,35,4,17,7,1
191,,MA,,Br,6.089,-0.115,6.106581845,-0.06699021,2.243,3.4887,1.973192081,5.08982618,2.17,267,180.65,0.7,32.07,8.68,926.3,6.13,23.85,2.55,73,7,1,1,1,1.22,2029.88,650.82,10.38,198.47,89.75,688.92,5.17,173.19,2.15,78.75,6,12.5,3.75,2,1.96,331.85,265.95,3.12,79.9,324.6,1139.9,5.29,14.72,2.96,35,4,17,7,1
192,,MA,,Cl,5.685,-0.134,5.633913974,-0.118371,4.333,5.3219,1.714154987,3.685796052,2.17,267,180.65,0.7,32.07,8.68,926.3,6.13,23.85,2.55,73,7,1,1,1,1.09,1890,856.33,6.45,123.64,-23,652.65,6.65,166.28,1.67,51,5,8,3,2,1.81,239.18,172.17,3.21,35.45,348.8,1251.1,3.21,10.2,3.16,17,3,17,7,1
193,,Rb,,I,6.002,2.389,6.116533542,2.442500562,0.428,1.1452,2.99946137,5.642999994,1.61,961,312.63,1.53,85.47,46.89,403,2.34,69.2,0.82,37,5,1,1,1,0.91,3078.13,1123.2,5.57,78.37,120.13,755.41,28.72,328.81,2,34.25,4.13,14,4,3.75,2.2,457.5,386.7,4.93,126.9,295.3,1008.4,7.76,20.9,2.66,53,5,17,7,1
194,,Rb,,I,6.526,2.593,6.420205092,2.616597528,2.912,3.3389,1.931270659,4.982123418,1.61,961,312.63,1.53,85.47,46.89,403,2.34,69.2,0.82,37,5,1,1,1,1.28,2477,753.56,5.45,128.02,34.5,605.75,7.61,215.28,1.43,53,5.5,8,3,2,2.2,457.5,386.7,4.93,126.9,295.3,1008.4,7.76,20.9,2.66,53,5,17,7,1
195,,Rb,,I,6.425,2.5,6.425367772,2.490144105,3.306,4.2726,1.747354798,4.041265647,1.61,961,312.63,1.53,85.47,46.89,403,2.34,69.2,0.82,37,5,1,1,1,1.23,1667.75,1050.75,2.42,81.68,-166.5,554.54,8.24,139.12,0.96,35.75,4.88,2,2,2,2.2,457.5,386.7,4.93,126.9,295.3,1008.4,7.76,20.9,2.66,53,5,17,7,1
196,,Rb,,Br,5.759,-0.018,5.74111688,-0.020462648,3.42,4.2034,1.733014943,4.218469143,1.61,961,312.63,1.53,85.47,46.89,403,2.34,69.2,0.82,37,5,1,1,1,1.02,1896.88,1036.14,2.27,49.91,-121.38,604.65,8.36,171.63,1.12,23.75,4.13,3.5,2.25,2,1.96,331.85,265.95,3.12,79.9,324.6,1139.9,5.29,14.72,2.96,35,4,17,7,1
197,,Rb,,Br,6.265,0.506,6.26517754,0.554932374,3.675,4.8001,1.605861766,3.672101122,1.61,961,312.63,1.53,85.47,46.89,403,2.34,69.2,0.82,37,5,1,1,1,1.37,2037.88,1015.75,3.33,125.17,-65,513.76,8.07,142.01,0.9,51.5,5.75,2,2,2,1.96,331.85,265.95,3.12,79.9,324.6,1139.9,5.29,14.72,2.96,35,4,17,7,1
198,,Rb,,Br,5.955,0.045,6.011476102,0.064641385,1.528,2.3197,2.108904,5.277870893,1.61,961,312.63,1.53,85.47,46.89,403,2.34,69.2,0.82,37,5,1,1,1,1.19,2129.63,588.71,10.85,196.14,111.38,714.64,5.07,191.96,2.28,78,5.88,14,4,2,1.96,331.85,265.95,3.12,79.9,324.6,1139.9,5.29,14.72,2.96,35,4,17,7,1
199,,Rb,,Cl,5.658,0.143,5.639349068,0.20180941,3.964,4.867,1.593804764,3.827514076,1.61,961,312.63,1.53,85.47,46.89,403,2.34,69.2,0.82,37,5,1,1,1,1.21,1836.5,1063.19,2.89,85.74,-132,576.08,11.15,161.58,1.08,37.25,4.88,3.5,2.25,2.25,1.81,239.18,172.17,3.21,35.45,348.8,1251.1,3.21,10.2,3.16,17,3,17,7,1
200,,Rb,,Cl,5.464,-0.075,5.463621437,-0.069343981,4.875,6.1855,1.599188991,3.147143136,1.61,961,312.63,1.53,85.47,46.89,403,2.34,69.2,0.82,37,5,1,1,1,1.03,1744.25,1103.25,1.67,46.02,-157.5,584.76,8.49,152.45,0.99,22.25,4.13,2,2,2,1.81,239.18,172.17,3.21,35.45,348.8,1251.1,3.21,10.2,3.16,17,3,17,7,1
201,,Rb,,Cl,5.349,-0.244,5.416984898,0.020778092,1.093,1.9714,2.240082479,5.344142983,1.61,961,312.63,1.53,85.47,46.89,403,2.34,69.2,0.82,37,5,1,1,1,0.91,2971.5,1135.14,6.07,89.43,118.75,756.27,28.42,314.75,2.05,38.25,4.25,14,4,3.75,1.81,239.18,172.17,3.21,35.45,348.8,1251.1,3.21,10.2,3.16,17,3,17,7,1
202,,Cs,,I,6.413,0.156,6.314919121,0.168627705,2.613,2.9839,1.972975343,4.990943187,1.74,944,301.54,1.87,132.91,45.49,375.7,2.09,67.74,0.79,55,6,1,1,1,1.18,2322.38,952.1,5.19,115.13,3.88,631.64,13.5,211.38,1.5,48,5.13,8,3,2.5,2.2,457.5,386.7,4.93,126.9,295.3,1008.4,7.76,20.9,2.66,53,5,17,7,1
203,,Cs,,I,6.706,0.225,6.705625492,0.25268554,3.476,4.4297,1.720254467,4.023772198,1.74,944,301.54,1.87,132.91,45.49,375.7,2.09,67.74,0.79,55,6,1,1,1,1.38,1972.25,1012,3.33,124.9,-81,514.55,8.06,139.38,0.91,51.5,5.75,2,2,2,2.2,457.5,386.7,4.93,126.9,295.3,1008.4,7.76,20.9,2.66,53,5,17,7,1
204,,Cs,,Br,5.924,-0.074,5.891339693,-0.08081044,3.591,4.3487,1.756062796,4.330417323,1.74,944,301.54,1.87,132.91,45.49,375.7,2.09,67.74,0.79,55,6,1,1,1,1.14,1908,1025.52,3.74,88.81,-94.25,606.9,10.8,171.14,1.27,38.25,4.75,5,2.5,2.25,1.96,331.85,265.95,3.12,79.9,324.6,1139.9,5.29,14.72,2.96,35,4,17,7,1
205,,Cs,,Cl,5.45,1.385,5.440212665,1.62222568,1.865,2.6047,2.003884333,5.08995496,1.74,944,301.54,1.87,132.91,45.49,375.7,2.09,67.74,0.79,55,6,1,1,1,0.97,2744,1169.13,4.63,76.36,48,708.95,25.9,284.95,1.74,33.5,4.25,11,3.5,3.5,1.81,239.18,172.17,3.21,35.45,348.8,1251.1,3.21,10.2,3.16,17,3,17,7,1
206,,Cs,,Cl,5.893,1.879,5.866241706,2.011541836,3.385,4.1126,1.630740878,4.140639384,1.74,944,301.54,1.87,132.91,45.49,375.7,2.09,67.74,0.79,55,6,1,1,1,1.3,2253.5,971.08,4.14,120.7,-23.38,566.84,10.91,182.82,1.17,50,5.5,5,2.5,2.25,1.81,239.18,172.17,3.21,35.45,348.8,1251.1,3.21,10.2,3.16,17,3,17,7,1
207,,Cs,,I,6.309,-0.103,6.369667212,-0.066393233,0.796,1.3911,2.552411528,5.448627552,1.74,944,301.54,1.87,132.91,45.49,375.7,2.09,67.74,0.79,55,6,1,1,1,1.16,2723.38,572.23,6.71,114.82,84.88,688.71,7.32,271.19,1.83,48.5,5,12.5,3.75,2,2.2,457.5,386.7,4.93,126.9,295.3,1008.4,7.76,20.9,2.66,53,5,17,7,1
208,,Cs,,Br,5.802,-0.202,5.781924092,-0.222671876,4.254,5.0758,1.751059851,3.843201959,1.74,944,301.54,1.87,132.91,45.49,375.7,2.09,67.74,0.79,55,6,1,1,1,1.02,1790.25,1048.08,2.77,60.97,-122.75,605.51,8.06,157.57,1.17,27.75,4.25,3.5,2.25,2,1.96,331.85,265.95,3.12,79.9,324.6,1139.9,5.29,14.72,2.96,35,4,17,7,1
209,,Cs,,Br,5.736,-0.282,5.830458528,-0.207244984,0.67,1.4924,2.535963467,5.474322857,1.74,944,301.54,1.87,132.91,45.49,375.7,2.09,67.74,0.79,55,6,1,1,1,1.01,2991.5,858.31,6.31,95.66,120.5,735.35,19.5,312.34,1.98,41,4.5,14,4,3,1.96,331.85,265.95,3.12,79.9,324.6,1139.9,5.29,14.72,2.96,35,4,17,7,1
210,,Cs,,Cl,5.585,1.342,5.652020478,1.506922506,0.94,1.7891,2.20632406,5.312033455,1.74,944,301.54,1.87,132.91,45.49,375.7,2.09,67.74,0.79,55,6,1,1,1,1.11,2904.88,593.42,7.06,112.95,120.88,715.29,10.28,295.86,1.97,47.75,4.88,14,4,2.25,1.81,239.18,172.17,3.21,35.45,348.8,1251.1,3.21,10.2,3.16,17,3,17,7,1
211,,Cs,,Cl,5.68,1.424,5.725337542,1.553491679,2.016,2.9044,1.955388601,5.038878694,1.74,944,301.54,1.87,132.91,45.49,375.7,2.09,67.74,0.79,55,6,1,1,1,1.15,2158.5,677.01,10.6,190.38,111.25,721.33,8.15,197.45,2.29,75.75,5.75,14,4,2.25,1.81,239.18,172.17,3.21,35.45,348.8,1251.1,3.21,10.2,3.16,17,3,17,7,1
212,,K,,I,5.977,2.827,6.051284787,2.87594069,0.836,1.4589,2.770807747,5.556050513,1.51,1033,336.8,0.86,39.1,48.36,418.8,2.33,76.9,0.82,19,4,1,1,1,0.89,2938.25,1199.06,4.85,68.54,85.5,740.56,28.89,311.85,1.88,30.5,4,12.5,3.75,3.75,2.2,457.5,386.7,4.93,126.9,295.3,1008.4,7.76,20.9,2.66,53,5,17,7,1
213,,FA,,I,6.553,-0.399,6.485559731,-0.42862685,2.853,3.3981,1.897596529,4.881550911,2.53,319,354,1.1,45.06,8.6,849.1,6.5,29,2.57,91,8,1,1,1,1.22,1965.25,868.3,5.35,121.67,-46.38,610.1,7.23,168.97,1.42,50.5,5.25,6.5,2.75,2,2.2,457.5,386.7,4.93,126.9,295.3,1008.4,7.76,20.9,2.66,53,5,17,7,1
214,,FA,,Br,6.149,-0.64,6.097101865,-0.627747617,3.224,3.8608,1.766268839,4.562599756,2.53,319,354,1.1,45.06,8.6,849.1,6.5,29,2.57,91,8,1,1,1,1.06,2323.88,1062.89,4.57,91.27,-7.75,654.23,16.68,220.91,1.52,39,4.63,8,3,2.75,1.96,331.85,265.95,3.12,79.9,324.6,1139.9,5.29,14.72,2.96,35,4,17,7,1
215,,FA,,I,6.515,-0.42,6.551626184,-0.394926145,1.996,3.0251,2.13684813,5.291181035,2.53,319,354,1.1,45.06,8.6,849.1,6.5,29,2.57,91,8,1,1,1,1.17,1989.75,664.57,10.13,186.31,76.75,699.79,5.24,175,2.16,74.25,5.75,12.5,3.75,2,2.2,457.5,386.7,4.93,126.9,295.3,1008.4,7.76,20.9,2.66,53,5,17,7,1
216,,MA,,I,6.428,-0.084,6.5550263,0.425440157,1.112,2.5825,2.341207399,5.369977426,2.17,267,180.65,0.7,32.07,8.68,926.3,6.13,23.85,2.55,73,7,1,1,1,1.18,2776.25,567.23,6.84,121.04,99.38,682.89,7.3,271.6,1.83,50.75,5.13,12.5,3.75,2,2.2,457.5,386.7,4.93,126.9,295.3,1008.4,7.76,20.9,2.66,53,5,17,7,1
217,,MA,,Br,6.033,0.083,5.950700757,0.117876157,3.385,4.0873,1.84308398,4.698106668,2.17,267,180.65,0.7,32.07,8.68,926.3,6.13,23.85,2.55,73,7,1,1,1,1.15,2592.5,1106.75,4.46,104.97,34,632.5,19.91,237.25,1.45,44,5,8,3,3,1.96,331.85,265.95,3.12,79.9,324.6,1139.9,5.29,14.72,2.96,35,4,17,7,1
218,,MA,,Cl,5.79,-0.062,5.733602225,-0.069092705,4.368,5.3125,1.685267662,3.629550512,2.17,267,180.65,0.7,32.07,8.68,926.3,6.13,23.85,2.55,73,7,1,1,1,1.23,1839,821.33,6.95,147.41,-29,632.5,6.48,157.4,1.64,60,5.5,8,3,2,1.81,239.18,172.17,3.21,35.45,348.8,1251.1,3.21,10.2,3.16,17,3,17,7,1
219,,MA,,Cl,5.782,-0.145,5.777915145,-0.114135784,2.642,3.9631,1.841526943,4.816156971,2.17,267,180.65,0.7,32.07,8.68,926.3,6.13,23.85,2.55,73,7,1,1,1,1.2,1977,655.82,10.25,192.25,75.25,694.75,5.2,172.78,2.16,76.5,5.88,12.5,3.75,2,1.81,239.18,172.17,3.21,35.45,348.8,1251.1,3.21,10.2,3.16,17,3,17,7,1
220,,FA,,Cl,6.002,-1.094,6.047057001,-1.061052034,2.925,4.2976,1.685660689,4.635464726,2.53,319,354,1.1,45.06,8.6,849.1,6.5,29,2.57,91,8,1,1,1,1.01,2920.63,1008.72,5.6,92.22,98.75,716.32,22.68,299.06,1.86,39.5,4.5,12.5,3.75,3.25,1.81,239.18,172.17,3.21,35.45,348.8,1251.1,3.21,10.2,3.16,17,3,17,7,1
221,,FA,,Cl,5.901,-0.879,5.864678343,-0.898426381,3.794,4.7611,1.669591357,4.202233118,2.53,319,354,1.1,45.06,8.6,849.1,6.5,29,2.57,91,8,1,1,1,1.07,2316.5,808.56,4.43,79.39,-17.5,649.2,7.87,222.52,1.48,35,4.5,8,3,2,1.81,239.18,172.17,3.21,35.45,348.8,1251.1,3.21,10.2,3.16,17,3,17,7,1
222,,FA,,I,6.557,-0.47,6.530914315,-0.495718311,3.156,4.1955,1.812563981,4.507663165,2.53,319,354,1.1,45.06,8.6,849.1,6.5,29,2.57,91,8,1,1,1,1.25,1701,986.83,3.64,102.57,-133.25,570.25,7.77,142.03,1.12,43.5,5.13,3.5,2.25,2,2.2,457.5,386.7,4.93,126.9,295.3,1008.4,7.76,20.9,2.66,53,5,17,7,1
223,,FA,,Cl,5.862,-0.682,5.840761976,-0.7026666,4.465,6.1249,1.594053873,3.290556904,2.53,319,354,1.1,45.06,8.6,849.1,6.5,29,2.57,91,8,1,1,1,1.13,1706,1077,2.04,63.85,-162,569.65,8.36,145.78,0.97,29,4.5,2,2,2,1.81,239.18,172.17,3.21,35.45,348.8,1251.1,3.21,10.2,3.16,17,3,17,7,1
224,,FA,,Br,6.15,-0.614,6.1200836,-0.637065675,3.563,4.3582,1.707781155,4.215316103,2.53,319,354,1.1,45.06,8.6,849.1,6.5,29,2.57,91,8,1,1,1,1.25,1807.63,974.89,3.14,91.51,-131.88,569.39,8.07,156.08,1.08,39.5,5,3.5,2.25,2,1.96,331.85,265.95,3.12,79.9,324.6,1139.9,5.29,14.72,2.96,35,4,17,7,1
225,,FA,,Cl,5.941,-0.873,5.938020184,-0.894734285,2.459,3.5589,1.720598881,4.653986059,2.53,319,354,1.1,45.06,8.6,849.1,6.5,29,2.57,91,8,1,1,1,1.14,2230.38,747.83,6.28,117.29,12.88,660.74,7.05,209.14,1.69,49,5,9.5,3.25,2,1.81,239.18,172.17,3.21,35.45,348.8,1251.1,3.21,10.2,3.16,17,3,17,7,1
226,,FA,,Cl,5.993,-0.595,5.94548921,-0.846668786,4.312,6.2361,1.595751434,3.325147237,2.53,319,354,1.1,45.06,8.6,849.1,6.5,29,2.57,91,8,1,1,1,1.34,1866.5,1022,3.06,112.48,-110,526.2,8.11,138.55,0.92,47,5.5,2,2,2,1.81,239.18,172.17,3.21,35.45,348.8,1251.1,3.21,10.2,3.16,17,3,17,7,1
227,,FA,,Cl,5.946,-0.87,5.879448125,-0.863693058,3.642,4.3813,1.71694586,4.334498367,2.53,319,354,1.1,45.06,8.6,849.1,6.5,29,2.57,91,8,1,1,1,1.29,2370.38,765.5,5.96,139.08,33.13,606.61,7.3,201.23,1.47,57,5.63,8,3,2,1.81,239.18,172.17,3.21,35.45,348.8,1251.1,3.21,10.2,3.16,17,3,17,7,1
228,,FA,,Cl,6.002,-0.871,5.935043618,-1.026320029,2.46,4.2032,1.71957303,4.652575614,2.53,319,354,1.1,45.06,8.6,849.1,6.5,29,2.57,91,8,1,1,1,1.18,2332.63,758.46,7.51,144.57,59,672.27,9.59,215.73,1.84,59,5.38,11,3.5,2.25,1.81,239.18,172.17,3.21,35.45,348.8,1251.1,3.21,10.2,3.16,17,3,17,7,1
229,,FA,,Br,6.07,-0.714,6.035314638,-0.721381675,3.366,4.2431,1.776712453,4.623347041,2.53,319,354,1.1,45.06,8.6,849.1,6.5,29,2.57,91,8,1,1,1,0.94,2432,1161.75,3.44,56.34,-18,675.95,20.16,244.49,1.5,26,4,8,3,3,1.96,331.85,265.95,3.12,79.9,324.6,1139.9,5.29,14.72,2.96,35,4,17,7,1