1,MAGeCl3,MA,Ge,Cl,5.619,-0.389,5.703838092,-0.222536345,1.955,3.022,1.917388712,3.546582382,0.0083,0.0026,0.0044,0.0041,0.0031,0.0018,0.0108,0.0105,0.0031,0.011,0.009,0.0085,0.0075,0.0075,0.0075,0.0056,0.0102,0.0098,0.0072,0.0048,0.014,0.0089,0.0192,0.0119,0.0097,0.005,0.006,0.0122,0.0098,0.0126,0.0068,0.005,0.0044,0.0062,0.003,0.008,0.0082,0.0042,0.0048,0.008,0.0033,0.0055,0.0075,0.0075,0.0075
2,MAGeBr3,MA,Ge,Br,5.927,-0.247,6.117477068,-0.328594466,1.612,3.3229,2.047118945,3.849078319,0.0083,0.0026,0.0044,0.0041,0.0031,0.0018,0.0108,0.0105,0.0031,0.011,0.009,0.0085,0.0075,0.0075,0.0075,0.0056,0.0102,0.0098,0.0072,0.0048,0.014,0.0089,0.0192,0.0119,0.0097,0.005,0.006,0.0122,0.0098,0.0126,0.0073,0.007,0.0069,0.0061,0.0067,0.0075,0.0075,0.0069,0.0069,0.0075,0.0069,0.0073,0.0075,0.0075,0.0075
3,MAGeI3,MA,Ge,I,6.251,-0.028,6.45717812,0.330034257,1.311,2.5573,2.293225336,4.113069265,0.0083,0.0026,0.0044,0.0041,0.0031,0.0018,0.0108,0.0105,0.0031,0.011,0.009,0.0085,0.0075,0.0075,0.0075,0.0056,0.0102,0.0098,0.0072,0.0048,0.014,0.0089,0.0192,0.0119,0.0097,0.005,0.006,0.0122,0.0098,0.0126,0.0082,0.0096,0.01,0.0096,0.0106,0.0068,0.0066,0.0101,0.0098,0.0068,0.0104,0.0091,0.0075,0.0075,0.0075
4,MASnCl3,MA,Sn,Cl,5.757,-0.251,5.86278884,-0.232144478,1.582,3.1821,1.977388931,3.74664052,0.0083,0.0026,0.0044,0.0041,0.0031,0.0018,0.0108,0.0105,0.0031,0.011,0.009,0.0085,0.0075,0.0075,0.0075,0.0075,0.0095,0.0041,0.0099,0.0078,0.0141,0.0083,0.0044,0.0103,0.0094,0.0079,0.0074,0.0122,0.0098,0.0063,0.0068,0.005,0.0044,0.0062,0.003,0.008,0.0082,0.0042,0.0048,0.008,0.0033,0.0055,0.0075,0.0075,0.0075
5,MASnBr3,MA,Sn,Br,6.069,-0.225,6.249297846,-0.178930453,1.262,3.5319,2.12859901,4.053302453,0.0083,0.0026,0.0044,0.0041,0.0031,0.0018,0.0108,0.0105,0.0031,0.011,0.009,0.0085,0.0075,0.0075,0.0075,0.0075,0.0095,0.0041,0.0099,0.0078,0.0141,0.0083,0.0044,0.0103,0.0094,0.0079,0.0074,0.0122,0.0098,0.0063,0.0073,0.007,0.0069,0.0061,0.0067,0.0075,0.0075,0.0069,0.0069,0.0075,0.0069,0.0073,0.0075,0.0075,0.0075
6,MASnI3,MA,Sn,I,6.363,-0.155,6.594056948,0.346136506,0.879,2.5741,2.522516749,4.438974546,0.0083,0.0026,0.0044,0.0041,0.0031,0.0018,0.0108,0.0105,0.0031,0.011,0.009,0.0085,0.0075,0.0075,0.0075,0.0075,0.0095,0.0041,0.0099,0.0078,0.0141,0.0083,0.0044,0.0103,0.0094,0.0079,0.0074,0.0122,0.0098,0.0063,0.0082,0.0096,0.01,0.0096,0.0106,0.0068,0.0066,0.0101,0.0098,0.0068,0.0104,0.0091,0.0075,0.0075,0.0075
7,MAPbI3,MA,Pb,I,6.422,0.035,6.473050585,0.529983345,1.852,2.6353,2.258308761,3.889248921,0.0083,0.0026,0.0044,0.0041,0.0031,0.0018,0.0108,0.0105,0.0031,0.011,0.009,0.0085,0.0075,0.0075,0.0075,0.0077,0.0067,0.0049,0.0153,0.0136,0.0128,0.0083,0.0029,0.0063,0.0112,0.0129,0.0089,0.0122,0.0098,0.0063,0.0082,0.0096,0.01,0.0096,0.0106,0.0068,0.0066,0.0101,0.0098,0.0068,0.0104,0.0091,0.0075,0.0075,0.0075
8,MAPbBr3,MA,Pb,Br,6.065,-0.152,6.142450228,-0.144086317,1.973,3.4084,2.051422727,3.577091898,0.0083,0.0026,0.0044,0.0041,0.0031,0.0018,0.0108,0.0105,0.0031,0.011,0.009,0.0085,0.0075,0.0075,0.0075,0.0077,0.0067,0.0049,0.0153,0.0136,0.0128,0.0083,0.0029,0.0063,0.0112,0.0129,0.0089,0.0122,0.0098,0.0063,0.0073,0.007,0.0069,0.0061,0.0067,0.0075,0.0075,0.0069,0.0069,0.0075,0.0069,0.0073,0.0075,0.0075,0.0075
9,MAPbCl3,MA,Pb,Cl,5.758,-0.172,5.774902509,-0.129757515,2.551,3.8377,1.894894556,3.277301796,0.0083,0.0026,0.0044,0.0041,0.0031,0.0018,0.0108,0.0105,0.0031,0.011,0.009,0.0085,0.0075,0.0075,0.0075,0.0077,0.0067,0.0049,0.0153,0.0136,0.0128,0.0083,0.0029,0.0063,0.0112,0.0129,0.0089,0.0122,0.0098,0.0063,0.0068,0.005,0.0044,0.0062,0.003,0.008,0.0082,0.0042,0.0048,0.008,0.0033,0.0055,0.0075,0.0075,0.0075
10,CsGeCl3,Cs,Ge,Cl,5.333,1.239,5.39088886,1.560975129,1.051,1.8986,2.315281225,4.306444855,0.0067,0.009,0.0074,0.0108,0.0129,0.0092,0.0044,0.0036,0.0088,0.0034,0.0068,0.0073,0.0075,0.0075,0.0075,0.0056,0.0102,0.0098,0.0072,0.0048,0.014,0.0089,0.0192,0.0119,0.0097,0.005,0.006,0.0122,0.0098,0.0126,0.0068,0.005,0.0044,0.0062,0.003,0.008,0.0082,0.0042,0.0048,0.008,0.0033,0.0055,0.0075,0.0075,0.0075
11,CsGeBr3,Cs,Ge,Br,5.613,-0.277,5.67475471,-0.217020475,0.768,1.5158,2.586117791,4.596431506,0.0067,0.009,0.0074,0.0108,0.0129,0.0092,0.0044,0.0036,0.0088,0.0034,0.0068,0.0073,0.0075,0.0075,0.0075,0.0056,0.0102,0.0098,0.0072,0.0048,0.014,0.0089,0.0192,0.0119,0.0097,0.005,0.006,0.0122,0.0098,0.0126,0.0073,0.007,0.0069,0.0061,0.0067,0.0075,0.0075,0.0069,0.0069,0.0075,0.0069,0.0073,0.0075,0.0075,0.0075
12,CsGeI3,Cs,Ge,I,5.996,0.002,6.10040585,0.050911506,0.635,1.304,2.988273876,4.822869246,0.0067,0.009,0.0074,0.0108,0.0129,0.0092,0.0044,0.0036,0.0088,0.0034,0.0068,0.0073,0.0075,0.0075,0.0075,0.0056,0.0102,0.0098,0.0072,0.0048,0.014,0.0089,0.0192,0.0119,0.0097,0.005,0.006,0.0122,0.0098,0.0126,0.0082,0.0096,0.01,0.0096,0.0106,0.0068,0.0066,0.0101,0.0098,0.0068,0.0104,0.0091,0.0075,0.0075,0.0075
13,CsSnCl3,Cs,Sn,Cl,5.634,1.354,5.676825162,1.479914224,1.029,1.8043,2.174373567,4.256199205,0.0067,0.009,0.0074,0.0108,0.0129,0.0092,0.0044,0.0036,0.0088,0.0034,0.0068,0.0073,0.0075,0.0075,0.0075,0.0075,0.0095,0.0041,0.0099,0.0078,0.0141,0.0083,0.0044,0.0103,0.0094,0.0079,0.0074,0.0122,0.0098,0.0063,0.0068,0.005,0.0044,0.0062,0.003,0.008,0.0082,0.0042,0.0048,0.008,0.0033,0.0055,0.0075,0.0075,0.0075
14,CsSnBr3,Cs,Sn,Br,5.886,-0.268,5.956068845,-0.209853626,0.634,1.3894,2.45946743,4.663992073,0.0067,0.009,0.0074,0.0108,0.0129,0.0092,0.0044,0.0036,0.0088,0.0034,0.0068,0.0073,0.0075,0.0075,0.0075,0.0075,0.0095,0.0041,0.0099,0.0078,0.0141,0.0083,0.0044,0.0103,0.0094,0.0079,0.0074,0.0122,0.0098,0.0063,0.0073,0.007,0.0069,0.0061,0.0067,0.0075,0.0075,0.0069,0.0069,0.0075,0.0069,0.0073,0.0075,0.0075,0.0075
15,CsSnI3,Cs,Sn,I,6.286,-0.153,6.386300887,-0.081774813,0.483,1.1556,2.783701372,4.857602272,0.0067,0.009,0.0074,0.0108,0.0129,0.0092,0.0044,0.0036,0.0088,0.0034,0.0068,0.0073,0.0075,0.0075,0.0075,0.0075,0.0095,0.0041,0.0099,0.0078,0.0141,0.0083,0.0044,0.0103,0.0094,0.0079,0.0074,0.0122,0.0098,0.0063,0.0082,0.0096,0.01,0.0096,0.0106,0.0068,0.0066,0.0101,0.0098,0.0068,0.0104,0.0091,0.0075,0.0075,0.0075
16,CsPbCl3,Cs,Pb,Cl,5.734,1.437,5.761423975,1.52354792,2.212,3.0773,1.916097646,3.283306342,0.0067,0.009,0.0074,0.0108,0.0129,0.0092,0.0044,0.0036,0.0088,0.0034,0.0068,0.0073,0.0075,0.0075,0.0075,0.0077,0.0067,0.0049,0.0153,0.0136,0.0128,0.0083,0.0029,0.0063,0.0112,0.0129,0.0089,0.0122,0.0098,0.0063,0.0068,0.005,0.0044,0.0062,0.003,0.008,0.0082,0.0042,0.0048,0.008,0.0033,0.0055,0.0075,0.0075,0.0075
17,CsPbBr3,Cs,Pb,Br,5.996,-0.17,6.04101583,-0.170408121,1.774,2.5758,2.08708449,3.703852464,0.0067,0.009,0.0074,0.0108,0.0129,0.0092,0.0044,0.0036,0.0088,0.0034,0.0068,0.0073,0.0075,0.0075,0.0075,0.0077,0.0067,0.0049,0.0153,0.0136,0.0128,0.0083,0.0029,0.0063,0.0112,0.0129,0.0089,0.0122,0.0098,0.0063,0.0073,0.007,0.0069,0.0061,0.0067,0.0075,0.0075,0.0069,0.0069,0.0075,0.0069,0.0073,0.0075,0.0075,0.0075
18,CsPbI3,Cs,Pb,I,6.395,0.063,6.451980463,0.078559737,1.482,2.1633,2.343382175,4.09658551,0.0067,0.009,0.0074,0.0108,0.0129,0.0092,0.0044,0.0036,0.0088,0.0034,0.0068,0.0073,0.0075,0.0075,0.0075,0.0077,0.0067,0.0049,0.0153,0.0136,0.0128,0.0083,0.0029,0.0063,0.0112,0.0129,0.0089,0.0122,0.0098,0.0063,0.0082,0.0096,0.01,0.0096,0.0106,0.0068,0.0066,0.0101,0.0098,0.0068,0.0104,0.0091,0.0075,0.0075,0.0075
19,FAGeCl3,FA,Ge,Cl,5.743,-1.404,5.816829262,-1.342392711,3.048,4.4396,1.764018376,2.661396609,0.0097,0.0031,0.0087,0.0064,0.0044,0.0018,0.0099,0.0111,0.0037,0.011,0.0112,0.0097,0.0075,0.0075,0.0075,0.0056,0.0102,0.0098,0.0072,0.0048,0.014,0.0089,0.0192,0.0119,0.0097,0.005,0.006,0.0122,0.0098,0.0126,0.0068,0.005,0.0044,0.0062,0.003,0.008,0.0082,0.0042,0.0048,0.008,0.0033,0.0055,0.0075,0.0075,0.0075
20,FAGeBr3,FA,Ge,Br,6.102,-0.979,6.238160418,-1.041701521,2.11,3.8044,1.882254458,3.453037881,0.0097,0.0031,0.0087,0.0064,0.0044,0.0018,0.0099,0.0111,0.0037,0.011,0.0112,0.0097,0.0075,0.0075,0.0075,0.0056,0.0102,0.0098,0.0072,0.0048,0.014,0.0089,0.0192,0.0119,0.0097,0.005,0.006,0.0122,0.0098,0.0126,0.0073,0.007,0.0069,0.0061,0.0067,0.0075,0.0075,0.0069,0.0069,0.0075,0.0069,0.0073,0.0075,0.0075,0.0075
21,FAGeI3,FA,Ge,I,6.402,-0.547,6.582414943,-0.609365211,1.467,2.8609,2.165652685,3.966047343,0.0097,0.0031,0.0087,0.0064,0.0044,0.0018,0.0099,0.0111,0.0037,0.011,0.0112,0.0097,0.0075,0.0075,0.0075,0.0056,0.0102,0.0098,0.0072,0.0048,0.014,0.0089,0.0192,0.0119,0.0097,0.005,0.006,0.0122,0.0098,0.0126,0.0082,0.0096,0.01,0.0096,0.0106,0.0068,0.0066,0.0101,0.0098,0.0068,0.0104,0.0091,0.0075,0.0075,0.0075
22,FASnCl3,FA,Sn,Cl,5.848,-1.229,5.924281702,-1.305750985,2.465,3.6741,1.846065317,3.125243514,0.0097,0.0031,0.0087,0.0064,0.0044,0.0018,0.0099,0.0111,0.0037,0.011,0.0112,0.0097,0.0075,0.0075,0.0075,0.0075,0.0095,0.0041,0.0099,0.0078,0.0141,0.0083,0.0044,0.0103,0.0094,0.0079,0.0074,0.0122,0.0098,0.0063,0.0068,0.005,0.0044,0.0062,0.003,0.008,0.0082,0.0042,0.0048,0.008,0.0033,0.0055,0.0075,0.0075,0.0075
23,FASnBr3,FA,Sn,Br,6.056,-0.998,6.270604999,-1.00269168,1.341,3.4442,2.153699095,4.02576557,0.0097,0.0031,0.0087,0.0064,0.0044,0.0018,0.0099,0.0111,0.0037,0.011,0.0112,0.0097,0.0075,0.0075,0.0075,0.0075,0.0095,0.0041,0.0099,0.0078,0.0141,0.0083,0.0044,0.0103,0.0094,0.0079,0.0074,0.0122,0.0098,0.0063,0.0073,0.007,0.0069,0.0061,0.0067,0.0075,0.0075,0.0069,0.0069,0.0075,0.0069,0.0073,0.0075,0.0075,0.0075
24,FASnI3,FA,Sn,I,6.429,-0.747,6.682222407,-0.712420319,1.055,2.8648,2.396543716,4.303629717,0.0097,0.0031,0.0087,0.0064,0.0044,0.0018,0.0099,0.0111,0.0037,0.011,0.0112,0.0097,0.0075,0.0075,0.0075,0.0075,0.0095,0.0041,0.0099,0.0078,0.0141,0.0083,0.0044,0.0103,0.0094,0.0079,0.0074,0.0122,0.0098,0.0063,0.0082,0.0096,0.01,0.0096,0.0106,0.0068,0.0066,0.0101,0.0098,0.0068,0.0104,0.0091,0.0075,0.0075,0.0075
25,FAPbCl3,FA,Pb,Cl,5.819,-1.091,5.919242409,-1.080887447,2.611,4.0745,1.894684254,2.991704569,0.0097,0.0031,0.0087,0.0064,0.0044,0.0018,0.0099,0.0111,0.0037,0.011,0.0112,0.0097,0.0075,0.0075,0.0075,0.0077,0.0067,0.0049,0.0153,0.0136,0.0128,0.0083,0.0029,0.0063,0.0112,0.0129,0.0089,0.0122,0.0098,0.0063,0.0068,0.005,0.0044,0.0062,0.003,0.008,0.0082,0.0042,0.0048,0.008,0.0033,0.0055,0.0075,0.0075,0.0075
26,FAPbBr3,FA,Pb,Br,6.076,-0.922,6.200787351,-0.885923166,2.113,3.5353,2.067204649,3.522826345,0.0097,0.0031,0.0087,0.0064,0.0044,0.0018,0.0099,0.0111,0.0037,0.011,0.0112,0.0097,0.0075,0.0075,0.0075,0.0077,0.0067,0.0049,0.0153,0.0136,0.0128,0.0083,0.0029,0.0063,0.0112,0.0129,0.0089,0.0122,0.0098,0.0063,0.0073,0.007,0.0069,0.0061,0.0067,0.0075,0.0075,0.0069,0.0069,0.0075,0.0069,0.0073,0.0075,0.0075,0.0075
27,FAPbI3,FA,Pb,I,6.52,-0.441,6.585397777,-0.401747156,1.942,2.8146,2.202175759,3.833013683,0.0097,0.0031,0.0087,0.0064,0.0044,0.0018,0.0099,0.0111,0.0037,0.011,0.0112,0.0097,0.0075,0.0075,0.0075,0.0077,0.0067,0.0049,0.0153,0.0136,0.0128,0.0083,0.0029,0.0063,0.0112,0.0129,0.0089,0.0122,0.0098,0.0063,0.0082,0.0096,0.01,0.0096,0.0106,0.0068,0.0066,0.0101,0.0098,0.0068,0.0104,0.0091,0.0075,0.0075,0.0075
28,FABaI3,FA,Ba,I,6.821,-0.405,6.806524121,-0.39444965,3.205,4.6181,1.730985741,2.468769459,0.0097,0.0031,0.0087,0.0064,0.0044,0.0018,0.0099,0.0111,0.0037,0.011,0.0112,0.0097,0.0075,0.0075,0.0075,0.0092,0.0068,0.0081,0.0048,0.009,-0.006,0.0059,0.0049,0.005,0.0043,0.0088,0.0089,0.0017,0.0049,0.0063,0.0082,0.0096,0.01,0.0096,0.0106,0.0068,0.0066,0.0101,0.0098,0.0068,0.0104,0.0091,0.0075,0.0075,0.0075
29,FABaBr3,FA,Ba,Br,6.384,-0.694,6.377562399,-0.670570785,4.025,5.5419,1.643863915,2.226567299,0.0097,0.0031,0.0087,0.0064,0.0044,0.0018,0.0099,0.0111,0.0037,0.011,0.0112,0.0097,0.0075,0.0075,0.0075,0.0092,0.0068,0.0081,0.0048,0.009,-0.006,0.0059,0.0049,0.005,0.0043,0.0088,0.0089,0.0017,0.0049,0.0063,0.0073,0.007,0.0069,0.0061,0.0067,0.0075,0.0075,0.0069,0.0069,0.0075,0.0069,0.0073,0.0075,0.0075,0.0075
30,FABaCl3,FA,Ba,Cl,6.098,-0.747,6.092677679,-0.742938814,4.561,6.2145,1.584292344,2.08468317,0.0097,0.0031,0.0087,0.0064,0.0044,0.0018,0.0099,0.0111,0.0037,0.011,0.0112,0.0097,0.0075,0.0075,0.0075,0.0092,0.0068,0.0081,0.0048,0.009,-0.006,0.0059,0.0049,0.005,0.0043,0.0088,0.0089,0.0017,0.0049,0.0063,0.0068,0.005,0.0044,0.0062,0.003,0.008,0.0082,0.0042,0.0048,0.008,0.0033,0.0055,0.0075,0.0075,0.0075
31,FASrI3,FA,Sr,I,6.568,-0.482,6.552353856,-0.507380746,3.298,4.6831,1.771547569,2.467167275,0.0097,0.0031,0.0087,0.0064,0.0044,0.0018,0.0099,0.0111,0.0037,0.011,0.0112,0.0097,0.0075,0.0075,0.0075,0.0082,0.0054,0.0084,0.0034,0.0057,-0.0195,0.0064,0.005,0.0049,0.0046,0.006,0.0074,0.0017,0.0049,0.0063,0.0082,0.0096,0.01,0.0096,0.0106,0.0068,0.0066,0.0101,0.0098,0.0068,0.0104,0.0091,0.0075,0.0075,0.0075
32,FASrBr3,FA,Sr,Br,6.117,-0.808,6.101794347,-0.826977766,4.162,5.6848,1.677607773,2.223528405,0.0097,0.0031,0.0087,0.0064,0.0044,0.0018,0.0099,0.0111,0.0037,0.011,0.0112,0.0097,0.0075,0.0075,0.0075,0.0082,0.0054,0.0084,0.0034,0.0057,-0.0195,0.0064,0.005,0.0049,0.0046,0.006,0.0074,0.0017,0.0049,0.0063,0.0073,0.007,0.0069,0.0061,0.0067,0.0075,0.0075,0.0069,0.0069,0.0075,0.0069,0.0073,0.0075,0.0075,0.0075
33,FASrCl3,FA,Sr,Cl,5.836,-0.921,5.819218883,-0.935822314,4.708,6.3576,1.611492042,2.080776042,0.0097,0.0031,0.0087,0.0064,0.0044,0.0018,0.0099,0.0111,0.0037,0.011,0.0112,0.0097,0.0075,0.0075,0.0075,0.0082,0.0054,0.0084,0.0034,0.0057,-0.0195,0.0064,0.005,0.0049,0.0046,0.006,0.0074,0.0017,0.0049,0.0063,0.0068,0.005,0.0044,0.0062,0.003,0.008,0.0082,0.0042,0.0048,0.008,0.0033,0.0055,0.0075,0.0075,0.0075
34,FACaI3,FA,Ca,I,6.398,-0.33,6.372328354,-0.367576674,3.439,4.6776,1.824031443,2.525245199,0.0097,0.0031,0.0087,0.0064,0.0044,0.0018,0.0099,0.0111,0.0037,0.011,0.0112,0.0097,0.0075,0.0075,0.0075,0.0065,0.0058,0.009,0.0021,0.0026,-0.0181,0.0069,0.0052,0.0055,0.0048,0.0032,0.006,0.0017,0.0049,0.0063,0.0082,0.0096,0.01,0.0096,0.0106,0.0068,0.0066,0.0101,0.0098,0.0068,0.0104,0.0091,0.0075,0.0075,0.0075
35,FACaBr3,FA,Ca,Br,5.925,-0.783,5.90328064,-0.814075541,4.225,5.6379,1.731960181,2.28199299,0.0097,0.0031,0.0087,0.0064,0.0044,0.0018,0.0099,0.0111,0.0037,0.011,0.0112,0.0097,0.0075,0.0075,0.0075,0.0065,0.0058,0.009,0.0021,0.0026,-0.0181,0.0069,0.0052,0.0055,0.0048,0.0032,0.006,0.0017,0.0049,0.0063,0.0073,0.007,0.0069,0.0061,0.0067,0.0075,0.0075,0.0069,0.0069,0.0075,0.0069,0.0073,0.0075,0.0075,0.0075
36,FACaCl3,FA,Ca,Cl,5.642,-0.868,5.623396338,-0.907472641,4.729,6.3598,1.657900728,2.130668087,0.0097,0.0031,0.0087,0.0064,0.0044,0.0018,0.0099,0.0111,0.0037,0.011,0.0112,0.0097,0.0075,0.0075,0.0075,0.0065,0.0058,0.009,0.0021,0.0026,-0.0181,0.0069,0.0052,0.0055,0.0048,0.0032,0.006,0.0017,0.0049,0.0063,0.0068,0.005,0.0044,0.0062,0.003,0.008,0.0082,0.0042,0.0048,0.008,0.0033,0.0055,0.0075,0.0075,0.0075
37,MABaI3,MA,Ba,I,6.816,0.075,6.810377003,0.523293852,3.773,4.7868,1.700446027,2.409899147,0.0083,0.0026,0.0044,0.0041,0.0031,0.0018,0.0108,0.0105,0.0031,0.011,0.009,0.0085,0.0075,0.0075,0.0075,0.0092,0.0068,0.0081,0.0048,0.009,-0.006,0.0059,0.0049,0.005,0.0043,0.0088,0.0089,0.0017,0.0049,0.0063,0.0082,0.0096,0.01,0.0096,0.0106,0.0068,0.0066,0.0101,0.0098,0.0068,0.0104,0.0091,0.0075,0.0075,0.0075
38,MABaBr3,MA,Ba,Br,6.375,0.136,6.354718938,0.156117934,4.24,5.4282,1.617775982,2.179926694,0.0083,0.0026,0.0044,0.0041,0.0031,0.0018,0.0108,0.0105,0.0031,0.011,0.009,0.0085,0.0075,0.0075,0.0075,0.0092,0.0068,0.0081,0.0048,0.009,-0.006,0.0059,0.0049,0.005,0.0043,0.0088,0.0089,0.0017,0.0049,0.0063,0.0073,0.007,0.0069,0.0061,0.0067,0.0075,0.0075,0.0069,0.0069,0.0075,0.0069,0.0073,0.0075,0.0075,0.0075
39,MABaCl3,MA,Ba,Cl,6.027,0.24,5.991667955,0.239455651,4.91,6.2991,1.569132883,2.012743922,0.0083,0.0026,0.0044,0.0041,0.0031,0.0018,0.0108,0.0105,0.0031,0.011,0.009,0.0085,0.0075,0.0075,0.0075,0.0092,0.0068,0.0081,0.0048,0.009,-0.006,0.0059,0.0049,0.005,0.0043,0.0088,0.0089,0.0017,0.0049,0.0063,0.0068,0.005,0.0044,0.0062,0.003,0.008,0.0082,0.0042,0.0048,0.008,0.0033,0.0055,0.0075,0.0075,0.0075
40,MASrI3,MA,Sr,I,6.566,-0.02,6.547047972,0.407293296,3.763,4.7957,1.732841349,2.396781873,0.0083,0.0026,0.0044,0.0041,0.0031,0.0018,0.0108,0.0105,0.0031,0.011,0.009,0.0085,0.0075,0.0075,0.0075,0.0082,0.0054,0.0084,0.0034,0.0057,-0.0195,0.0064,0.005,0.0049,0.0046,0.006,0.0074,0.0017,0.0049,0.0063,0.0082,0.0096,0.01,0.0096,0.0106,0.0068,0.0066,0.0101,0.0098,0.0068,0.0104,0.0091,0.0075,0.0075,0.0075
41,MASrBr3,MA,Sr,Br,6.107,-0.026,6.092596981,-0.037092651,4.31,5.5491,1.646087113,2.162507101,0.0083,0.0026,0.0044,0.0041,0.0031,0.0018,0.0108,0.0105,0.0031,0.011,0.009,0.0085,0.0075,0.0075,0.0075,0.0082,0.0054,0.0084,0.0034,0.0057,-0.0195,0.0064,0.005,0.0049,0.0046,0.006,0.0074,0.0017,0.0049,0.0063,0.0073,0.007,0.0069,0.0061,0.0067,0.0075,0.0075,0.0069,0.0069,0.0075,0.0069,0.0073,0.0075,0.0075,0.0075
42,MASrCl3,MA,Sr,Cl,5.774,-0.006,5.760207849,-0.025781377,5.106,6.5005,1.589358716,1.987793998,0.0083,0.0026,0.0044,0.0041,0.0031,0.0018,0.0108,0.0105,0.0031,0.011,0.009,0.0085,0.0075,0.0075,0.0075,0.0082,0.0054,0.0084,0.0034,0.0057,-0.0195,0.0064,0.005,0.0049,0.0046,0.006,0.0074,0.0017,0.0049,0.0063,0.0068,0.005,0.0044,0.0062,0.003,0.008,0.0082,0.0042,0.0048,0.008,0.0033,0.0055,0.0075,0.0075,0.0075
43,MACaI3,MA,Ca,I,6.331,0.091,6.284420432,0.458075431,3.599,4.7801,1.809699676,2.47850032,0.0083,0.0026,0.0044,0.0041,0.0031,0.0018,0.0108,0.0105,0.0031,0.011,0.009,0.0085,0.0075,0.0075,0.0075,0.0065,0.0058,0.009,0.0021,0.0026,-0.0181,0.0069,0.0052,0.0055,0.0048,0.0032,0.006,0.0017,0.0049,0.0063,0.0082,0.0096,0.01,0.0096,0.0106,0.0068,0.0066,0.0101,0.0098,0.0068,0.0104,0.0091,0.0075,0.0075,0.0075
44,MACaBr3,MA,Ca,Br,5.888,-0.064,5.862749504,-0.086480305,4.375,5.64,1.703879879,2.222387256,0.0083,0.0026,0.0044,0.0041,0.0031,0.0018,0.0108,0.0105,0.0031,0.011,0.009,0.0085,0.0075,0.0075,0.0075,0.0065,0.0058,0.009,0.0021,0.0026,-0.0181,0.0069,0.0052,0.0055,0.0048,0.0032,0.006,0.0017,0.0049,0.0063,0.0073,0.007,0.0069,0.0061,0.0067,0.0075,0.0075,0.0069,0.0069,0.0075,0.0069,0.0073,0.0075,0.0075,0.0075
45,MACaCl3,MA,Ca,Cl,5.575,-0.06,5.551304338,-0.104086616,5.25,6.6855,1.632561505,2.031069506,0.0083,0.0026,0.0044,0.0041,0.0031,0.0018,0.0108,0.0105,0.0031,0.011,0.009,0.0085,0.0075,0.0075,0.0075,0.0065,0.0058,0.009,0.0021,0.0026,-0.0181,0.0069,0.0052,0.0055,0.0048,0.0032,0.006,0.0017,0.0049,0.0063,0.0068,0.005,0.0044,0.0062,0.003,0.008,0.0082,0.0042,0.0048,0.008,0.0033,0.0055,0.0075,0.0075,0.0075
46,CsBaI3,Cs,Ba,I,6.77,0.269,6.805612787,0.319602427,3.512,4.4475,1.710711337,2.442858357,0.0067,0.009,0.0074,0.0108,0.0129,0.0092,0.0044,0.0036,0.0088,0.0034,0.0068,0.0073,0.0075,0.0075,0.0075,0.0092,0.0068,0.0081,0.0048,0.009,-0.006,0.0059,0.0049,0.005,0.0043,0.0088,0.0089,0.0017,0.0049,0.0063,0.0082,0.0096,0.01,0.0096,0.0106,0.0068,0.0066,0.0101,0.0098,0.0068,0.0104,0.0091,0.0075,0.0075,0.0075
47,CsBaBr3,Cs,Ba,Br,6.354,0.278,6.353729567,0.325027325,3.997,5.1203,1.614124623,2.209185984,0.0067,0.009,0.0074,0.0108,0.0129,0.0092,0.0044,0.0036,0.0088,0.0034,0.0068,0.0073,0.0075,0.0075,0.0075,0.0092,0.0068,0.0081,0.0048,0.009,-0.006,0.0059,0.0049,0.005,0.0043,0.0088,0.0089,0.0017,0.0049,0.0063,0.0073,0.007,0.0069,0.0061,0.0067,0.0075,0.0075,0.0069,0.0069,0.0075,0.0069,0.0073,0.0075,0.0075,0.0075
48,CsBaCl3,Cs,Ba,Cl,6.04,2.024,6.03957796,2.120499537,4.668,5.9307,1.553424292,2.031010734,0.0067,0.009,0.0074,0.0108,0.0129,0.0092,0.0044,0.0036,0.0088,0.0034,0.0068,0.0073,0.0075,0.0075,0.0075,0.0092,0.0068,0.0081,0.0048,0.009,-0.006,0.0059,0.0049,0.005,0.0043,0.0088,0.0089,0.0017,0.0049,0.0063,0.0068,0.005,0.0044,0.0062,0.003,0.008,0.0082,0.0042,0.0048,0.008,0.0033,0.0055,0.0075,0.0075,0.0075
49,CsSrI3,Cs,Sr,I,6.476,0.038,6.476212025,0.043558983,3.612,4.5845,1.757676509,2.429713789,0.0067,0.009,0.0074,0.0108,0.0129,0.0092,0.0044,0.0036,0.0088,0.0034,0.0068,0.0073,0.0075,0.0075,0.0075,0.0082,0.0054,0.0084,0.0034,0.0057,-0.0195,0.0064,0.005,0.0049,0.0046,0.006,0.0074,0.0017,0.0049,0.0063,0.0082,0.0096,0.01,0.0096,0.0106,0.0068,0.0066,0.0101,0.0098,0.0068,0.0104,0.0091,0.0075,0.0075,0.0075
50,CsSrBr3,Cs,Sr,Br,6.018,-0.031,6.017870267,-0.036994215,4.166,5.3194,1.659433123,2.189742522,0.0067,0.009,0.0074,0.0108,0.0129,0.0092,0.0044,0.0036,0.0088,0.0034,0.0068,0.0073,0.0075,0.0075,0.0075,0.0082,0.0054,0.0084,0.0034,0.0057,-0.0195,0.0064,0.005,0.0049,0.0046,0.006,0.0074,0.0017,0.0049,0.0063,0.0073,0.007,0.0069,0.0061,0.0067,0.0075,0.0075,0.0069,0.0069,0.0075,0.0069,0.0073,0.0075,0.0075,0.0075
51,CsSrCl3,Cs,Sr,Cl,5.734,1.612,5.733922638,1.682605846,4.94,6.2377,1.58206193,2.007437759,0.0067,0.009,0.0074,0.0108,0.0129,0.0092,0.0044,0.0036,0.0088,0.0034,0.0068,0.0073,0.0075,0.0075,0.0075,0.0082,0.0054,0.0084,0.0034,0.0057,-0.0195,0.0064,0.005,0.0049,0.0046,0.006,0.0074,0.0017,0.0049,0.0063,0.0068,0.005,0.0044,0.0062,0.003,0.008,0.0082,0.0042,0.0048,0.008,0.0033,0.0055,0.0075,0.0075,0.0075
52,CsCaI3,Cs,Ca,I,6.218,0.034,6.218288897,0.015271645,3.714,4.7383,1.840991198,2.498378066,0.0067,0.009,0.0074,0.0108,0.0129,0.0092,0.0044,0.0036,0.0088,0.0034,0.0068,0.0073,0.0075,0.0075,0.0075,0.0065,0.0058,0.009,0.0021,0.0026,-0.0181,0.0069,0.0052,0.0055,0.0048,0.0032,0.006,0.0017,0.0049,0.0063,0.0082,0.0096,0.01,0.0096,0.0106,0.0068,0.0066,0.0101,0.0098,0.0068,0.0104,0.0091,0.0075,0.0075,0.0075
53,CsCaBr3,Cs,Ca,Br,5.759,-0.221,5.759409905,-0.243799175,4.4,5.5737,1.727353974,2.237160568,0.0067,0.009,0.0074,0.0108,0.0129,0.0092,0.0044,0.0036,0.0088,0.0034,0.0068,0.0073,0.0075,0.0075,0.0075,0.0065,0.0058,0.009,0.0021,0.0026,-0.0181,0.0069,0.0052,0.0055,0.0048,0.0032,0.006,0.0017,0.0049,0.0063,0.0073,0.007,0.0069,0.0061,0.0067,0.0075,0.0075,0.0069,0.0069,0.0075,0.0069,0.0073,0.0075,0.0075,0.0075
54,CsCaCl3,Cs,Ca,Cl,5.451,1.389,5.451228143,1.422870549,5.367,6.6944,1.646047229,2.047532672,0.0067,0.009,0.0074,0.0108,0.0129,0.0092,0.0044,0.0036,0.0088,0.0034,0.0068,0.0073,0.0075,0.0075,0.0075,0.0065,0.0058,0.009,0.0021,0.0026,-0.0181,0.0069,0.0052,0.0055,0.0048,0.0032,0.006,0.0017,0.0049,0.0063,0.0068,0.005,0.0044,0.0062,0.003,0.008,0.0082,0.0042,0.0048,0.008,0.0033,0.0055,0.0075,0.0075,0.0075
55,RbBaI3,Rb,Ba,I,6.758,2.752,6.777085768,2.785625441,3.232,4.1846,1.696915293,2.465428434,0.0062,0.0092,0.0077,0.0089,0.0083,0.0095,0.0047,0.004,0.0089,0.0035,0.0046,0.006,0.0075,0.0075,0.0075,0.0092,0.0068,0.0081,0.0048,0.009,-0.006,0.0059,0.0049,0.005,0.0043,0.0088,0.0089,0.0017,0.0049,0.0063,0.0082,0.0096,0.01,0.0096,0.0106,0.0068,0.0066,0.0101,0.0098,0.0068,0.0104,0.0091,0.0075,0.0075,0.0075
56,RbBaBr3,Rb,Ba,Br,6.319,0.543,6.319076698,0.594608704,3.724,4.8505,1.59801209,2.22166756,0.0062,0.0092,0.0077,0.0089,0.0083,0.0095,0.0047,0.004,0.0089,0.0035,0.0046,0.006,0.0075,0.0075,0.0075,0.0092,0.0068,0.0081,0.0048,0.009,-0.006,0.0059,0.0049,0.005,0.0043,0.0088,0.0089,0.0017,0.0049,0.0063,0.0073,0.007,0.0069,0.0061,0.0067,0.0075,0.0075,0.0069,0.0069,0.0075,0.0069,0.0073,0.0075,0.0075,0.0075
57,RbBaCl3,Rb,Ba,Cl,6.023,0.631,6.022957642,0.676276964,4.336,5.6027,1.526198421,2.034431419,0.0062,0.0092,0.0077,0.0089,0.0083,0.0095,0.0047,0.004,0.0089,0.0035,0.0046,0.006,0.0075,0.0075,0.0075,0.0092,0.0068,0.0081,0.0048,0.009,-0.006,0.0059,0.0049,0.005,0.0043,0.0088,0.0089,0.0017,0.0049,0.0063,0.0068,0.005,0.0044,0.0062,0.003,0.008,0.0082,0.0042,0.0048,0.008,0.0033,0.0055,0.0075,0.0075,0.0075
58,RbSrI3,Rb,Sr,I,6.436,2.499,6.436100642,2.488577258,3.333,4.3016,1.74317699,2.444751604,0.0062,0.0092,0.0077,0.0089,0.0083,0.0095,0.0047,0.004,0.0089,0.0035,0.0046,0.006,0.0075,0.0075,0.0075,0.0082,0.0054,0.0084,0.0034,0.0057,-0.0195,0.0064,0.005,0.0049,0.0046,0.006,0.0074,0.0017,0.0049,0.0063,0.0082,0.0096,0.01,0.0096,0.0106,0.0068,0.0066,0.0101,0.0098,0.0068,0.0104,0.0091,0.0075,0.0075,0.0075
59,RbSrBr3,Rb,Sr,Br,5.996,0.199,5.996477447,0.205744682,3.879,5.0275,1.632592757,2.19901343,0.0062,0.0092,0.0077,0.0089,0.0083,0.0095,0.0047,0.004,0.0089,0.0035,0.0046,0.006,0.0075,0.0075,0.0075,0.0082,0.0054,0.0084,0.0034,0.0057,-0.0195,0.0064,0.005,0.0049,0.0046,0.006,0.0074,0.0017,0.0049,0.0063,0.0073,0.007,0.0069,0.0061,0.0067,0.0075,0.0075,0.0069,0.0069,0.0075,0.0069,0.0073,0.0075,0.0075,0.0075
60,RbSrCl3,Rb,Sr,Cl,5.709,0.174,5.709317207,0.198990335,4.605,5.8987,1.550884689,2.004465824,0.0062,0.0092,0.0077,0.0089,0.0083,0.0095,0.0047,0.004,0.0089,0.0035,0.0046,0.006,0.0075,0.0075,0.0075,0.0082,0.0054,0.0084,0.0034,0.0057,-0.0195,0.0064,0.005,0.0049,0.0046,0.006,0.0074,0.0017,0.0049,0.0063,0.0068,0.005,0.0044,0.0062,0.003,0.008,0.0082,0.0042,0.0048,0.008,0.0033,0.0055,0.0075,0.0075,0.0075
61,RbCaI3,Rb,Ca,I,6.189,2.464,6.188850245,2.439177047,3.441,4.4137,1.819958263,2.507263824,0.0062,0.0092,0.0077,0.0089,0.0083,0.0095,0.0047,0.004,0.0089,0.0035,0.0046,0.006,0.0075,0.0075,0.0075,0.0065,0.0058,0.009,0.0021,0.0026,-0.0181,0.0069,0.0052,0.0055,0.0048,0.0032,0.006,0.0017,0.0049,0.0063,0.0082,0.0096,0.01,0.0096,0.0106,0.0068,0.0066,0.0101,0.0098,0.0068,0.0104,0.0091,0.0075,0.0075,0.0075
62,RbCaBr3,Rb,Ca,Br,5.721,-0.036,5.720572312,-0.044495694,4.082,5.2453,1.699082158,2.238981555,0.0062,0.0092,0.0077,0.0089,0.0083,0.0095,0.0047,0.004,0.0089,0.0035,0.0046,0.006,0.0075,0.0075,0.0075,0.0065,0.0058,0.009,0.0021,0.0026,-0.0181,0.0069,0.0052,0.0055,0.0048,0.0032,0.006,0.0017,0.0049,0.0063,0.0073,0.007,0.0069,0.0061,0.0067,0.0075,0.0075,0.0069,0.0069,0.0075,0.0069,0.0073,0.0075,0.0075,0.0075
63,RbCaCl3,Rb,Ca,Cl,5.429,-0.112,5.428961118,-0.118502053,4.949,6.2632,1.606291263,2.037211435,0.0062,0.0092,0.0077,0.0089,0.0083,0.0095,0.0047,0.004,0.0089,0.0035,0.0046,0.006,0.0075,0.0075,0.0075,0.0065,0.0058,0.009,0.0021,0.0026,-0.0181,0.0069,0.0052,0.0055,0.0048,0.0032,0.006,0.0017,0.0049,0.0063,0.0068,0.005,0.0044,0.0062,0.003,0.008,0.0082,0.0042,0.0048,0.008,0.0033,0.0055,0.0075,0.0075,0.0075
64,RbGeI3,Rb,Ge,I,5.968,2.395,6.07688323,2.443084795,0.581,1.2609,3.005494502,4.873554133,0.0062,0.0092,0.0077,0.0089,0.0083,0.0095,0.0047,0.004,0.0089,0.0035,0.0046,0.006,0.0075,0.0075,0.0075,0.0056,0.0102,0.0098,0.0072,0.0048,0.014,0.0089,0.0192,0.0119,0.0097,0.005,0.006,0.0122,0.0098,0.0126,0.0082,0.0096,0.01,0.0096,0.0106,0.0068,0.0066,0.0101,0.0098,0.0068,0.0104,0.0091,0.0075,0.0075,0.0075
65,RbGeBr3,Rb,Ge,Br,5.572,-0.13,5.658098797,-0.03972239,0.676,1.4825,2.605985044,4.698481345,0.0062,0.0092,0.0077,0.0089,0.0083,0.0095,0.0047,0.004,0.0089,0.0035,0.0046,0.006,0.0075,0.0075,0.0075,0.0056,0.0102,0.0098,0.0072,0.0048,0.014,0.0089,0.0192,0.0119,0.0097,0.005,0.006,0.0122,0.0098,0.0126,0.0073,0.007,0.0069,0.0061,0.0067,0.0075,0.0075,0.0069,0.0069,0.0075,0.0069,0.0073,0.0075,0.0075,0.0075
66,RbGeCl3,Rb,Ge,Cl,5.298,-0.299,5.351525047,-0.021468695,0.972,1.8034,2.310859329,4.387589453,0.0062,0.0092,0.0077,0.0089,0.0083,0.0095,0.0047,0.004,0.0089,0.0035,0.0046,0.006,0.0075,0.0075,0.0075,0.0056,0.0102,0.0098,0.0072,0.0048,0.014,0.0089,0.0192,0.0119,0.0097,0.005,0.006,0.0122,0.0098,0.0126,0.0068,0.005,0.0044,0.0062,0.003,0.008,0.0082,0.0042,0.0048,0.008,0.0033,0.0055,0.0075,0.0075,0.0075
67,RbSnI3,Rb,Sn,I,6.248,2.286,6.370899945,2.353055281,0.407,1.1268,2.834496543,4.931975618,0.0062,0.0092,0.0077,0.0089,0.0083,0.0095,0.0047,0.004,0.0089,0.0035,0.0046,0.006,0.0075,0.0075,0.0075,0.0075,0.0095,0.0041,0.0099,0.0078,0.0141,0.0083,0.0044,0.0103,0.0094,0.0079,0.0074,0.0122,0.0098,0.0063,0.0082,0.0096,0.01,0.0096,0.0106,0.0068,0.0066,0.0101,0.0098,0.0068,0.0104,0.0091,0.0075,0.0075,0.0075
68,RbSnBr3,Rb,Sn,Br,5.854,-0.056,5.953370667,0.029398694,0.567,1.3956,2.479258068,4.750367432,0.0062,0.0092,0.0077,0.0089,0.0083,0.0095,0.0047,0.004,0.0089,0.0035,0.0046,0.006,0.0075,0.0075,0.0075,0.0075,0.0095,0.0041,0.0099,0.0078,0.0141,0.0083,0.0044,0.0103,0.0094,0.0079,0.0074,0.0122,0.0098,0.0063,0.0073,0.007,0.0069,0.0061,0.0067,0.0075,0.0075,0.0069,0.0069,0.0075,0.0069,0.0073,0.0075,0.0075,0.0075
69,RbSnCl3,Rb,Sn,Cl,5.585,-0.101,5.648639682,-0.022852844,0.92,1.7494,2.190090313,4.382834078,0.0062,0.0092,0.0077,0.0089,0.0083,0.0095,0.0047,0.004,0.0089,0.0035,0.0046,0.006,0.0075,0.0075,0.0075,0.0075,0.0095,0.0041,0.0099,0.0078,0.0141,0.0083,0.0044,0.0103,0.0094,0.0079,0.0074,0.0122,0.0098,0.0063,0.0068,0.005,0.0044,0.0062,0.003,0.008,0.0082,0.0042,0.0048,0.008,0.0033,0.0055,0.0075,0.0075,0.0075
70,RbPbI3,Rb,Pb,I,6.375,2.516,6.43721919,2.519704747,1.459,2.1466,2.326804266,4.119547069,0.0062,0.0092,0.0077,0.0089,0.0083,0.0095,0.0047,0.004,0.0089,0.0035,0.0046,0.006,0.0075,0.0075,0.0075,0.0077,0.0067,0.0049,0.0153,0.0136,0.0128,0.0083,0.0029,0.0063,0.0112,0.0129,0.0089,0.0122,0.0098,0.0063,0.0082,0.0096,0.01,0.0096,0.0106,0.0068,0.0066,0.0101,0.0098,0.0068,0.0104,0.0091,0.0075,0.0075,0.0075
71,RbPbBr3,Rb,Pb,Br,5.975,0.057,6.023106852,0.069597827,1.753,2.5591,2.070080018,3.72205814,0.0062,0.0092,0.0077,0.0089,0.0083,0.0095,0.0047,0.004,0.0089,0.0035,0.0046,0.006,0.0075,0.0075,0.0075,0.0077,0.0067,0.0049,0.0153,0.0136,0.0128,0.0083,0.0029,0.0063,0.0112,0.0129,0.0089,0.0122,0.0098,0.0063,0.0073,0.007,0.0069,0.0061,0.0067,0.0075,0.0075,0.0069,0.0069,0.0075,0.0069,0.0073,0.0075,0.0075,0.0075
72,RbPbCl3,Rb,Pb,Cl,5.703,0,5.739673063,0.04056569,2.182,3.0623,1.890215638,3.328304409,0.0062,0.0092,0.0077,0.0089,0.0083,0.0095,0.0047,0.004,0.0089,0.0035,0.0046,0.006,0.0075,0.0075,0.0075,0.0077,0.0067,0.0049,0.0153,0.0136,0.0128,0.0083,0.0029,0.0063,0.0112,0.0129,0.0089,0.0122,0.0098,0.0063,0.0068,0.005,0.0044,0.0062,0.003,0.008,0.0082,0.0042,0.0048,0.008,0.0033,0.0055,0.0075,0.0075,0.0075
73,KBaI3,K,Ba,I,6.75,3.202,6.769870212,3.26516927,3.084,4.0354,1.690005994,2.488860596,0.0058,0.0099,0.0083,0.005,0.0038,0.0098,0.0049,0.004,0.0099,0.0035,0.0023,0.0048,0.0075,0.0075,0.0075,0.0092,0.0068,0.0081,0.0048,0.009,-0.006,0.0059,0.0049,0.005,0.0043,0.0088,0.0089,0.0017,0.0049,0.0063,0.0082,0.0096,0.01,0.0096,0.0106,0.0068,0.0066,0.0101,0.0098,0.0068,0.0104,0.0091,0.0075,0.0075,0.0075
74,KBaBr3,K,Ba,Br,6.31,0.788,6.310437202,0.850972012,3.575,4.6964,1.587958583,2.241525499,0.0058,0.0099,0.0083,0.005,0.0038,0.0098,0.0049,0.004,0.0099,0.0035,0.0023,0.0048,0.0075,0.0075,0.0075,0.0092,0.0068,0.0081,0.0048,0.009,-0.006,0.0059,0.0049,0.005,0.0043,0.0088,0.0089,0.0017,0.0049,0.0063,0.0073,0.007,0.0069,0.0061,0.0067,0.0075,0.0075,0.0069,0.0069,0.0075,0.0069,0.0073,0.0075,0.0075,0.0075
75,KBaCl3,K,Ba,Cl,6.014,3.373,6.013761043,3.430344935,4.166,5.4279,1.513311706,2.047657537,0.0058,0.0099,0.0083,0.005,0.0038,0.0098,0.0049,0.004,0.0099,0.0035,0.0023,0.0048,0.0075,0.0075,0.0075,0.0092,0.0068,0.0081,0.0048,0.009,-0.006,0.0059,0.0049,0.005,0.0043,0.0088,0.0089,0.0017,0.0049,0.0063,0.0068,0.005,0.0044,0.0062,0.003,0.008,0.0082,0.0042,0.0048,0.008,0.0033,0.0055,0.0075,0.0075,0.0075
76,KSrI3,K,Sr,I,6.427,2.934,6.427179815,2.956451266,3.171,4.1325,1.734968714,2.464718155,0.0058,0.0099,0.0083,0.005,0.0038,0.0098,0.0049,0.004,0.0099,0.0035,0.0023,0.0048,0.0075,0.0075,0.0075,0.0082,0.0054,0.0084,0.0034,0.0057,-0.0195,0.0064,0.005,0.0049,0.0046,0.006,0.0074,0.0017,0.0049,0.0063,0.0082,0.0096,0.01,0.0096,0.0106,0.0068,0.0066,0.0101,0.0098,0.0068,0.0104,0.0091,0.0075,0.0075,0.0075
77,KSrBr3,K,Sr,Br,5.996,0.424,5.996477447,0.446892335,3.711,4.8503,1.618467003,2.216203732,0.0058,0.0099,0.0083,0.005,0.0038,0.0098,0.0049,0.004,0.0099,0.0035,0.0023,0.0048,0.0075,0.0075,0.0075,0.0082,0.0054,0.0084,0.0034,0.0057,-0.0195,0.0064,0.005,0.0049,0.0046,0.006,0.0074,0.0017,0.0049,0.0063,0.0073,0.007,0.0069,0.0061,0.0067,0.0075,0.0075,0.0069,0.0069,0.0075,0.0069,0.0073,0.0075,0.0075,0.0075
78,KSrCl3,K,Sr,Cl,5.699,2.892,5.683185035,2.928662664,4.418,5.7192,1.535324923,2.016085509,0.0058,0.0099,0.0083,0.005,0.0038,0.0098,0.0049,0.004,0.0099,0.0035,0.0023,0.0048,0.0075,0.0075,0.0075,0.0082,0.0054,0.0084,0.0034,0.0057,-0.0195,0.0064,0.005,0.0049,0.0046,0.006,0.0074,0.0017,0.0049,0.0063,0.0068,0.005,0.0044,0.0062,0.003,0.008,0.0082,0.0042,0.0048,0.008,0.0033,0.0055,0.0075,0.0075,0.0075
79,KCaI3,K,Ca,I,6.169,2.881,6.16874981,2.890686435,3.258,4.2203,1.813376469,2.521243407,0.0058,0.0099,0.0083,0.005,0.0038,0.0098,0.0049,0.004,0.0099,0.0035,0.0023,0.0048,0.0075,0.0075,0.0075,0.0065,0.0058,0.009,0.0021,0.0026,-0.0181,0.0069,0.0052,0.0055,0.0048,0.0032,0.006,0.0017,0.0049,0.0063,0.0082,0.0096,0.01,0.0096,0.0106,0.0068,0.0066,0.0101,0.0098,0.0068,0.0104,0.0091,0.0075,0.0075,0.0075
80,KCaBr3,K,Ca,Br,5.695,0.162,5.695410092,0.169919645,3.908,5.059,1.688133523,2.251729082,0.0058,0.0099,0.0083,0.005,0.0038,0.0098,0.0049,0.004,0.0099,0.0035,0.0023,0.0048,0.0075,0.0075,0.0075,0.0065,0.0058,0.009,0.0021,0.0026,-0.0181,0.0069,0.0052,0.0055,0.0048,0.0032,0.006,0.0017,0.0049,0.0063,0.0073,0.007,0.0069,0.0061,0.0067,0.0075,0.0075,0.0069,0.0069,0.0075,0.0069,0.0073,0.0075,0.0075,0.0075
81,KCaCl3,K,Ca,Cl,5.405,2.568,5.404892287,2.580334904,4.745,6.0467,1.590362474,2.044970945,0.0058,0.0099,0.0083,0.005,0.0038,0.0098,0.0049,0.004,0.0099,0.0035,0.0023,0.0048,0.0075,0.0075,0.0075,0.0065,0.0058,0.009,0.0021,0.0026,-0.0181,0.0069,0.0052,0.0055,0.0048,0.0032,0.006,0.0017,0.0049,0.0063,0.0068,0.005,0.0044,0.0062,0.003,0.008,0.0082,0.0042,0.0048,0.008,0.0033,0.0055,0.0075,0.0075,0.0075
82,KGeI3,K,Ge,I,5.945,2.785,6.061679212,2.873709264,0.537,1.2328,3.031971468,4.907303466,0.0058,0.0099,0.0083,0.005,0.0038,0.0098,0.0049,0.004,0.0099,0.0035,0.0023,0.0048,0.0075,0.0075,0.0075,0.0056,0.0102,0.0098,0.0072,0.0048,0.014,0.0089,0.0192,0.0119,0.0097,0.005,0.006,0.0122,0.0098,0.0126,0.0082,0.0096,0.01,0.0096,0.0106,0.0068,0.0066,0.0101,0.0098,0.0068,0.0104,0.0091,0.0075,0.0075,0.0075
83,KGeBr3,K,Ge,Br,5.547,0.043,5.639871355,0.13109371,0.618,1.4565,2.627143993,4.759438193,0.0058,0.0099,0.0083,0.005,0.0038,0.0098,0.0049,0.004,0.0099,0.0035,0.0023,0.0048,0.0075,0.0075,0.0075,0.0056,0.0102,0.0098,0.0072,0.0048,0.014,0.0089,0.0192,0.0119,0.0097,0.005,0.006,0.0122,0.0098,0.0126,0.0073,0.007,0.0069,0.0061,0.0067,0.0075,0.0075,0.0069,0.0069,0.0075,0.0069,0.0073,0.0075,0.0075,0.0075
84,KGeCl3,K,Ge,Cl,5.271,2.358,5.328701742,2.652921436,0.904,1.7444,2.322099748,4.439216076,0.0058,0.0099,0.0083,0.005,0.0038,0.0098,0.0049,0.004,0.0099,0.0035,0.0023,0.0048,0.0075,0.0075,0.0075,0.0056,0.0102,0.0098,0.0072,0.0048,0.014,0.0089,0.0192,0.0119,0.0097,0.005,0.006,0.0122,0.0098,0.0126,0.0068,0.005,0.0044,0.0062,0.003,0.008,0.0082,0.0042,0.0048,0.008,0.0033,0.0055,0.0075,0.0075,0.0075
85,KSnI3,K,Sn,I,6.23,2.708,6.360566115,2.810659338,0.371,1.1074,2.865083072,4.973790975,0.0058,0.0099,0.0083,0.005,0.0038,0.0098,0.0049,0.004,0.0099,0.0035,0.0023,0.0048,0.0075,0.0075,0.0075,0.0075,0.0095,0.0041,0.0099,0.0078,0.0141,0.0083,0.0044,0.0103,0.0094,0.0079,0.0074,0.0122,0.0098,0.0063,0.0082,0.0096,0.01,0.0096,0.0106,0.0068,0.0066,0.0101,0.0098,0.0068,0.0104,0.0091,0.0075,0.0075,0.0075
86,KSnBr3,K,Sn,Br,5.837,0.158,5.941951317,0.26020987,0.528,1.3728,2.49572214,4.7881835,0.0058,0.0099,0.0083,0.005,0.0038,0.0098,0.0049,0.004,0.0099,0.0035,0.0023,0.0048,0.0075,0.0075,0.0075,0.0075,0.0095,0.0041,0.0099,0.0078,0.0141,0.0083,0.0044,0.0103,0.0094,0.0079,0.0074,0.0122,0.0098,0.0063,0.0073,0.007,0.0069,0.0061,0.0067,0.0075,0.0075,0.0069,0.0069,0.0075,0.0069,0.0073,0.0075,0.0075,0.0075
87,KSnCl3,K,Sn,Cl,5.566,2.606,5.634241027,2.70031174,0.879,1.7196,2.194437641,4.404653495,0.0058,0.0099,0.0083,0.005,0.0038,0.0098,0.0049,0.004,0.0099,0.0035,0.0023,0.0048,0.0075,0.0075,0.0075,0.0075,0.0095,0.0041,0.0099,0.0078,0.0141,0.0083,0.0044,0.0103,0.0094,0.0079,0.0074,0.0122,0.0098,0.0063,0.0068,0.005,0.0044,0.0062,0.003,0.008,0.0082,0.0042,0.0048,0.008,0.0033,0.0055,0.0075,0.0075,0.0075
88,KPbI3,K,Pb,I,6.366,2.946,6.42793085,2.983559165,1.449,2.1357,2.32343483,4.112779568,0.0058,0.0099,0.0083,0.005,0.0038,0.0098,0.0049,0.004,0.0099,0.0035,0.0023,0.0048,0.0075,0.0075,0.0075,0.0077,0.0067,0.0049,0.0153,0.0136,0.0128,0.0083,0.0029,0.0063,0.0112,0.0129,0.0089,0.0122,0.0098,0.0063,0.0082,0.0096,0.01,0.0096,0.0106,0.0068,0.0066,0.0101,0.0098,0.0068,0.0104,0.0091,0.0075,0.0075,0.0075
89,KPbBr3,K,Pb,Br,5.965,0.281,6.012849447,0.30791484,1.743,2.5477,2.062160663,3.736374749,0.0058,0.0099,0.0083,0.005,0.0038,0.0098,0.0049,0.004,0.0099,0.0035,0.0023,0.0048,0.0075,0.0075,0.0075,0.0077,0.0067,0.0049,0.0153,0.0136,0.0128,0.0083,0.0029,0.0063,0.0112,0.0129,0.0089,0.0122,0.0098,0.0063,0.0073,0.007,0.0069,0.0061,0.0067,0.0075,0.0075,0.0069,0.0069,0.0075,0.0069,0.0073,0.0075,0.0075,0.0075
90,KPbCl3,K,Pb,Cl,5.692,2.719,5.728638827,2.774300677,2.175,3.0528,1.878620664,3.334931792,0.0058,0.0099,0.0083,0.005,0.0038,0.0098,0.0049,0.004,0.0099,0.0035,0.0023,0.0048,0.0075,0.0075,0.0075,0.0077,0.0067,0.0049,0.0153,0.0136,0.0128,0.0083,0.0029,0.0063,0.0112,0.0129,0.0089,0.0122,0.0098,0.0063,0.0068,0.005,0.0044,0.0062,0.003,0.008,0.0082,0.0042,0.0048,0.008,0.0033,0.0055,0.0075,0.0075,0.0075
91,,Cs,Pb-Ba,I,6.447,0.132,6.485446612,0.076214628,1.748,2.4016,2.223134835,3.866708108,0.0067,0.009,0.0074,0.0108,0.0129,0.0092,0.0044,0.0036,0.0088,0.0034,0.0068,0.0073,0.0075,0.0075,0.0075,0.0079,0.0067,0.0053,0.014,0.013,0.0104,0.008,0.0031,0.0062,0.0103,0.0124,0.0089,0.0109,0.0092,0.0063,0.0082,0.0096,0.01,0.0096,0.0106,0.0068,0.0066,0.0101,0.0098,0.0068,0.0104,0.0091,0.0075,0.0075,0.0075
92,,Cs,Pb-Ba,I,6.498,0.166,6.484431755,0.113814909,1.967,2.5845,2.147509338,3.692593105,0.0067,0.009,0.0074,0.0108,0.0129,0.0092,0.0044,0.0036,0.0088,0.0034,0.0068,0.0073,0.0075,0.0075,0.0075,0.0081,0.0067,0.0057,0.0127,0.0124,0.0081,0.0077,0.0034,0.006,0.0095,0.0119,0.0089,0.0096,0.0086,0.0063,0.0082,0.0096,0.01,0.0096,0.0106,0.0068,0.0066,0.0101,0.0098,0.0068,0.0104,0.0091,0.0075,0.0075,0.0075
93,,Cs,Pb-Ba,I,6.548,0.192,6.510622402,0.149491775,2.282,2.9321,1.999539697,3.438951502,0.0067,0.009,0.0074,0.0108,0.0129,0.0092,0.0044,0.0036,0.0088,0.0034,0.0068,0.0073,0.0075,0.0075,0.0075,0.0083,0.0067,0.0061,0.0114,0.0119,0.0057,0.0074,0.0036,0.0058,0.0086,0.0114,0.0089,0.0083,0.008,0.0063,0.0082,0.0096,0.01,0.0096,0.0106,0.0068,0.0066,0.0101,0.0098,0.0068,0.0104,0.0091,0.0075,0.0075,0.0075
94,,Cs,Pb-Ba,I,6.598,0.222,6.543737998,0.362850794,2.295,3.0768,1.941163303,3.300536202,0.0067,0.009,0.0074,0.0108,0.0129,0.0092,0.0044,0.0036,0.0088,0.0034,0.0068,0.0073,0.0075,0.0075,0.0075,0.0084,0.0067,0.0065,0.0101,0.0113,0.0034,0.0071,0.0039,0.0057,0.0077,0.0109,0.0089,0.007,0.0074,0.0063,0.0082,0.0096,0.01,0.0096,0.0106,0.0068,0.0066,0.0101,0.0098,0.0068,0.0104,0.0091,0.0075,0.0075,0.0075
95,,Cs,Pb-Ba,I,6.645,0.236,6.60104274,0.234112969,3.137,3.9657,1.846324457,2.720520467,0.0067,0.009,0.0074,0.0108,0.0129,0.0092,0.0044,0.0036,0.0088,0.0034,0.0068,0.0073,0.0075,0.0075,0.0075,0.0086,0.0068,0.0069,0.0088,0.0107,0.001,0.0068,0.0041,0.0055,0.0069,0.0104,0.0089,0.0057,0.0067,0.0063,0.0082,0.0096,0.01,0.0096,0.0106,0.0068,0.0066,0.0101,0.0098,0.0068,0.0104,0.0091,0.0075,0.0075,0.0075
96,,Cs,Pb-Ba,I,6.694,0.256,6.667835497,0.267033566,3.368,4.1981,1.798516611,2.668432389,0.0067,0.009,0.0074,0.0108,0.0129,0.0092,0.0044,0.0036,0.0088,0.0034,0.0068,0.0073,0.0075,0.0075,0.0075,0.0088,0.0068,0.0073,0.0075,0.0101,-0.0013,0.0065,0.0044,0.0053,0.006,0.0098,0.0089,0.0044,0.0061,0.0063,0.0082,0.0096,0.01,0.0096,0.0106,0.0068,0.0066,0.0101,0.0098,0.0068,0.0104,0.0091,0.0075,0.0075,0.0075
97,,Cs,Pb-Ba,I,6.741,0.265,6.740872877,0.297497192,3.359,4.2147,1.751775671,2.575299072,0.0067,0.009,0.0074,0.0108,0.0129,0.0092,0.0044,0.0036,0.0088,0.0034,0.0068,0.0073,0.0075,0.0075,0.0075,0.009,0.0068,0.0077,0.0062,0.0096,-0.0037,0.0062,0.0046,0.0052,0.0051,0.0093,0.0089,0.0031,0.0055,0.0063,0.0082,0.0096,0.01,0.0096,0.0106,0.0068,0.0066,0.0101,0.0098,0.0068,0.0104,0.0091,0.0075,0.0075,0.0075
98,,MA,Pb-Ba,I,6.499,0.068,6.543630828,0.459970839,1.893,2.9111,2.165284768,3.757591229,0.0083,0.0026,0.0044,0.0041,0.0031,0.0018,0.0108,0.0105,0.0031,0.011,0.009,0.0085,0.0075,0.0075,0.0075,0.0079,0.0067,0.0053,0.014,0.013,0.0104,0.008,0.0031,0.0062,0.0103,0.0124,0.0089,0.0109,0.0092,0.0063,0.0082,0.0096,0.01,0.0096,0.0106,0.0068,0.0066,0.0101,0.0098,0.0068,0.0104,0.0091,0.0075,0.0075,0.0075
99,,MA,Pb-Ba,I,6.543,0.084,6.576111453,0.473811961,1.998,3.0329,2.075126946,3.639149353,0.0083,0.0026,0.0044,0.0041,0.0031,0.0018,0.0108,0.0105,0.0031,0.011,0.009,0.0085,0.0075,0.0075,0.0075,0.0081,0.0067,0.0057,0.0127,0.0124,0.0081,0.0077,0.0034,0.006,0.0095,0.0119,0.0089,0.0096,0.0086,0.0063,0.0082,0.0096,0.01,0.0096,0.0106,0.0068,0.0066,0.0101,0.0098,0.0068,0.0104,0.0091,0.0075,0.0075,0.0075
100,,MA,Pb-Ba,I,6.583,0.095,6.54972539,0.48575913,2.276,3.1834,1.973567985,3.342134656,0.0083,0.0026,0.0044,0.0041,0.0031,0.0018,0.0108,0.0105,0.0031,0.011,0.009,0.0085,0.0075,0.0075,0.0075,0.0083,0.0067,0.0061,0.0114,0.0119,0.0057,0.0074,0.0036,0.0058,0.0086,0.0114,0.0089,0.0083,0.008,0.0063,0.0082,0.0096,0.01,0.0096,0.0106,0.0068,0.0066,0.0101,0.0098,0.0068,0.0104,0.0091,0.0075,0.0075,0.0075
101,,MA,Pb-Ba,I,6.605,0.109,6.563682589,0.510902801,2.349,3.1671,1.929887219,3.264786033,0.0083,0.0026,0.0044,0.0041,0.0031,0.0018,0.0108,0.0105,0.0031,0.011,0.009,0.0085,0.0075,0.0075,0.0075,0.0084,0.0067,0.0065,0.0101,0.0113,0.0034,0.0071,0.0039,0.0057,0.0077,0.0109,0.0089,0.007,0.0074,0.0063,0.0082,0.0096,0.01,0.0096,0.0106,0.0068,0.0066,0.0101,0.0098,0.0068,0.0104,0.0091,0.0075,0.0075,0.0075
102,,MA,Pb-Ba,I,6.653,0.109,6.604172828,0.514766394,3.067,3.9058,1.848363352,2.761614244,0.0083,0.0026,0.0044,0.0041,0.0031,0.0018,0.0108,0.0105,0.0031,0.011,0.009,0.0085,0.0075,0.0075,0.0075,0.0086,0.0068,0.0069,0.0088,0.0107,0.001,0.0068,0.0041,0.0055,0.0069,0.0104,0.0089,0.0057,0.0067,0.0063,0.0082,0.0096,0.01,0.0096,0.0106,0.0068,0.0066,0.0101,0.0098,0.0068,0.0104,0.0091,0.0075,0.0075,0.0075
103,,MA,Pb-Ba,I,6.715,0.1,6.694242456,0.514951201,2.725,3.6625,1.796157152,2.851794994,0.0083,0.0026,0.0044,0.0041,0.0031,0.0018,0.0108,0.0105,0.0031,0.011,0.009,0.0085,0.0075,0.0075,0.0075,0.0088,0.0068,0.0073,0.0075,0.0101,-0.0013,0.0065,0.0044,0.0053,0.006,0.0098,0.0089,0.0044,0.0061,0.0063,0.0082,0.0096,0.01,0.0096,0.0106,0.0068,0.0066,0.0101,0.0098,0.0068,0.0104,0.0091,0.0075,0.0075,0.0075
104,,MA,Pb-Ba,I,6.789,0.086,6.751394506,0.518750382,3.096,4.0328,1.740234478,2.576260858,0.0083,0.0026,0.0044,0.0041,0.0031,0.0018,0.0108,0.0105,0.0031,0.011,0.009,0.0085,0.0075,0.0075,0.0075,0.009,0.0068,0.0077,0.0062,0.0096,-0.0037,0.0062,0.0046,0.0052,0.0051,0.0093,0.0089,0.0031,0.0055,0.0063,0.0082,0.0096,0.01,0.0096,0.0106,0.0068,0.0066,0.0101,0.0098,0.0068,0.0104,0.0091,0.0075,0.0075,0.0075
105,,FA,Pb-Ba,I,6.606,-0.418,6.627853,-0.459379402,2.105,2.9785,2.080611803,3.61654012,0.0097,0.0031,0.0087,0.0064,0.0044,0.0018,0.0099,0.0111,0.0037,0.011,0.0112,0.0097,0.0075,0.0075,0.0075,0.0079,0.0067,0.0053,0.014,0.013,0.0104,0.008,0.0031,0.0062,0.0103,0.0124,0.0089,0.0109,0.0092,0.0063,0.0082,0.0096,0.01,0.0096,0.0106,0.0068,0.0066,0.0101,0.0098,0.0068,0.0104,0.0091,0.0075,0.0075,0.0075
106,,FA,Pb-Ba,I,6.618,-0.464,6.623162601,-0.522178846,2.35,3.2112,2.029603163,3.488702392,0.0097,0.0031,0.0087,0.0064,0.0044,0.0018,0.0099,0.0111,0.0037,0.011,0.0112,0.0097,0.0075,0.0075,0.0075,0.0081,0.0067,0.0057,0.0127,0.0124,0.0081,0.0077,0.0034,0.006,0.0095,0.0119,0.0089,0.0096,0.0086,0.0063,0.0082,0.0096,0.01,0.0096,0.0106,0.0068,0.0066,0.0101,0.0098,0.0068,0.0104,0.0091,0.0075,0.0075,0.0075
107,,FA,Pb-Ba,I,6.65,-0.457,6.650792758,-0.503415591,2.29,3.1655,1.979536039,3.442926668,0.0097,0.0031,0.0087,0.0064,0.0044,0.0018,0.0099,0.0111,0.0037,0.011,0.0112,0.0097,0.0075,0.0075,0.0075,0.0083,0.0067,0.0061,0.0114,0.0119,0.0057,0.0074,0.0036,0.0058,0.0086,0.0114,0.0089,0.0083,0.008,0.0063,0.0082,0.0096,0.01,0.0096,0.0106,0.0068,0.0066,0.0101,0.0098,0.0068,0.0104,0.0091,0.0075,0.0075,0.0075
108,,FA,Pb-Ba,I,6.674,-0.467,6.630935401,-0.50841832,2.387,3.2812,1.911143901,3.146986043,0.0097,0.0031,0.0087,0.0064,0.0044,0.0018,0.0099,0.0111,0.0037,0.011,0.0112,0.0097,0.0075,0.0075,0.0075,0.0084,0.0067,0.0065,0.0101,0.0113,0.0034,0.0071,0.0039,0.0057,0.0077,0.0109,0.0089,0.007,0.0074,0.0063,0.0082,0.0096,0.01,0.0096,0.0106,0.0068,0.0066,0.0101,0.0098,0.0068,0.0104,0.0091,0.0075,0.0075,0.0075
109,,FA,Pb-Ba,I,6.718,-0.503,6.692971508,-0.522591521,2.496,3.4262,1.855821022,3.06843149,0.0097,0.0031,0.0087,0.0064,0.0044,0.0018,0.0099,0.0111,0.0037,0.011,0.0112,0.0097,0.0075,0.0075,0.0075,0.0086,0.0068,0.0069,0.0088,0.0107,0.001,0.0068,0.0041,0.0055,0.0069,0.0104,0.0089,0.0057,0.0067,0.0063,0.0082,0.0096,0.01,0.0096,0.0106,0.0068,0.0066,0.0101,0.0098,0.0068,0.0104,0.0091,0.0075,0.0075,0.0075
110,,FA,Pb-Ba,I,6.734,-0.504,6.693104201,-0.510831944,3.201,4.0936,1.81330773,2.6731386,0.0097,0.0031,0.0087,0.0064,0.0044,0.0018,0.0099,0.0111,0.0037,0.011,0.0112,0.0097,0.0075,0.0075,0.0075,0.0088,0.0068,0.0073,0.0075,0.0101,-0.0013,0.0065,0.0044,0.0053,0.006,0.0098,0.0089,0.0044,0.0061,0.0063,0.0082,0.0096,0.01,0.0096,0.0106,0.0068,0.0066,0.0101,0.0098,0.0068,0.0104,0.0091,0.0075,0.0075,0.0075
111,,FA,Pb-Ba,I,6.777,-0.511,6.748265853,-0.49141601,3.192,4.1081,1.767374793,2.577942028,0.0097,0.0031,0.0087,0.0064,0.0044,0.0018,0.0099,0.0111,0.0037,0.011,0.0112,0.0097,0.0075,0.0075,0.0075,0.009,0.0068,0.0077,0.0062,0.0096,-0.0037,0.0062,0.0046,0.0052,0.0051,0.0093,0.0089,0.0031,0.0055,0.0063,0.0082,0.0096,0.01,0.0096,0.0106,0.0068,0.0066,0.0101,0.0098,0.0068,0.0104,0.0091,0.0075,0.0075,0.0075
112,,Cs,,I,6.36,0.064,6.283170443,0.057201941,2.732,3.1683,1.970938386,3.079079489,0.0067,0.009,0.0074,0.0108,0.0129,0.0092,0.0044,0.0036,0.0088,0.0034,0.0068,0.0073,0.0075,0.0075,0.0075,0.0075,0.0068,0.0066,0.0077,0.0074,-0.0027,0.0075,0.0043,0.0068,0.0075,0.0075,0.0074,0.007,0.0074,0.0063,0.0082,0.0096,0.01,0.0096,0.0106,0.0068,0.0066,0.0101,0.0098,0.0068,0.0104,0.0091,0.0075,0.0075,0.0075
113,,Cs,,I,6.668,0.253,6.667866884,0.28608665,2.903,3.5284,1.780117094,2.799767886,0.0067,0.009,0.0074,0.0108,0.0129,0.0092,0.0044,0.0036,0.0088,0.0034,0.0068,0.0073,0.0075,0.0075,0.0075,0.0086,0.007,0.0077,0.0051,0.008,-0.005,0.0063,0.0048,0.0057,0.005,0.008,0.0084,0.0031,0.0055,0.0063,0.0082,0.0096,0.01,0.0096,0.0106,0.0068,0.0066,0.0101,0.0098,0.0068,0.0104,0.0091,0.0075,0.0075,0.0075
114,,Cs,,I,6.393,0.09,6.345003343,0.093194663,1.672,2.05,2.12851944,3.858546836,0.0067,0.009,0.0074,0.0108,0.0129,0.0092,0.0044,0.0036,0.0088,0.0034,0.0068,0.0073,0.0075,0.0075,0.0075,0.0076,0.0079,0.0065,0.008,0.0078,0.003,0.0076,0.0063,0.008,0.0078,0.0078,0.0076,0.0083,0.008,0.0071,0.0082,0.0096,0.01,0.0096,0.0106,0.0068,0.0066,0.0101,0.0098,0.0068,0.0104,0.0091,0.0075,0.0075,0.0075
115,,Cs,,Br,5.792,-0.15,5.722139699,-0.16090961,3.116,3.7054,1.878558578,2.655576839,0.0067,0.009,0.0074,0.0108,0.0129,0.0092,0.0044,0.0036,0.0088,0.0034,0.0068,0.0073,0.0075,0.0075,0.0075,0.0066,0.0075,0.0081,0.006,0.0052,-0.0022,0.0077,0.0083,0.0078,0.0074,0.0054,0.0065,0.007,0.0074,0.0079,0.0073,0.007,0.0069,0.0061,0.0067,0.0075,0.0075,0.0069,0.0069,0.0075,0.0069,0.0073,0.0075,0.0075,0.0075
116,,Cs,,Br,6.218,0.176,6.203636966,0.208107019,3.35,4.0968,1.670612862,2.383591915,0.0067,0.009,0.0074,0.0108,0.0129,0.0092,0.0044,0.0036,0.0088,0.0034,0.0068,0.0073,0.0075,0.0075,0.0075,0.0088,0.0068,0.0077,0.0051,0.008,-0.0069,0.0063,0.0048,0.0056,0.005,0.008,0.0084,0.0031,0.0055,0.0063,0.0073,0.007,0.0069,0.0061,0.0067,0.0075,0.0075,0.0069,0.0069,0.0075,0.0069,0.0073,0.0075,0.0075,0.0075
117,,Cs,,Br,5.935,0.021,5.843296793,0.053776305,3.055,3.5718,1.844645483,2.649957241,0.0067,0.009,0.0074,0.0108,0.0129,0.0092,0.0044,0.0036,0.0088,0.0034,0.0068,0.0073,0.0075,0.0075,0.0075,0.0072,0.0078,0.0085,0.0065,0.0068,0.0006,0.0075,0.0101,0.0078,0.0073,0.0069,0.0073,0.007,0.0074,0.0087,0.0073,0.007,0.0069,0.0061,0.0067,0.0075,0.0075,0.0069,0.0069,0.0075,0.0069,0.0073,0.0075,0.0075,0.0075
118,,Cs,,Br,5.88,-0.104,5.873309497,-0.085701254,1.503,2.1322,2.132232378,4.025733514,0.0067,0.009,0.0074,0.0108,0.0129,0.0092,0.0044,0.0036,0.0088,0.0034,0.0068,0.0073,0.0075,0.0075,0.0075,0.0071,0.0089,0.0066,0.0076,0.0065,0.0075,0.008,0.0082,0.0095,0.0083,0.0067,0.0071,0.0096,0.0086,0.0079,0.0073,0.007,0.0069,0.0061,0.0067,0.0075,0.0075,0.0069,0.0069,0.0075,0.0069,0.0073,0.0075,0.0075,0.0075
119,,Cs,,Cl,5.622,1.532,5.583336751,1.660591862,2.387,3.2362,1.812351291,3.183120037,0.0067,0.009,0.0074,0.0108,0.0129,0.0092,0.0044,0.0036,0.0088,0.0034,0.0068,0.0073,0.0075,0.0075,0.0075,0.0071,0.0074,0.0075,0.0087,0.0081,0.003,0.0078,0.0078,0.0074,0.0084,0.008,0.0074,0.0083,0.008,0.0079,0.0068,0.005,0.0044,0.0062,0.003,0.008,0.0082,0.0042,0.0048,0.008,0.0033,0.0055,0.0075,0.0075,0.0075
120,,Cs,,Cl,5.537,1.408,5.526440193,1.563699556,1.951,2.7063,1.95289445,3.62067507,0.0067,0.009,0.0074,0.0108,0.0129,0.0092,0.0044,0.0036,0.0088,0.0034,0.0068,0.0073,0.0075,0.0075,0.0075,0.0067,0.0084,0.0075,0.0077,0.0065,0.0056,0.0081,0.0099,0.0092,0.0086,0.0066,0.0069,0.0096,0.0086,0.0087,0.0068,0.005,0.0044,0.0062,0.003,0.008,0.0082,0.0042,0.0048,0.008,0.0033,0.0055,0.0075,0.0075,0.0075
121,,Cs,,Cl,5.715,1.647,5.714654344,1.727249249,4.952,6.2465,1.594754395,2.028767065,0.0067,0.009,0.0074,0.0108,0.0129,0.0092,0.0044,0.0036,0.0088,0.0034,0.0068,0.0073,0.0075,0.0075,0.0075,0.0078,0.0059,0.0086,0.0033,0.0054,-0.0156,0.0065,0.005,0.0052,0.0046,0.0056,0.0073,0.0017,0.0049,0.0063,0.0068,0.005,0.0044,0.0062,0.003,0.008,0.0082,0.0042,0.0048,0.008,0.0033,0.0055,0.0075,0.0075,0.0075
122,,FA,,I,6.559,-0.39,6.471078265,-0.405791445,2.647,3.0865,1.947171731,3.138494594,0.0097,0.0031,0.0087,0.0064,0.0044,0.0018,0.0099,0.0111,0.0037,0.011,0.0112,0.0097,0.0075,0.0075,0.0075,0.0078,0.0076,0.007,0.0073,0.0079,0.0005,0.0073,0.0063,0.0073,0.0072,0.0079,0.0078,0.007,0.0074,0.0071,0.0082,0.0096,0.01,0.0096,0.0106,0.0068,0.0066,0.0101,0.0098,0.0068,0.0104,0.0091,0.0075,0.0075,0.0075
123,,FA,,I,6.535,-0.436,6.630900601,-0.43606941,1.633,2.8292,2.130689631,3.817444836,0.0097,0.0031,0.0087,0.0064,0.0044,0.0018,0.0099,0.0111,0.0037,0.011,0.0112,0.0097,0.0075,0.0075,0.0075,0.0073,0.0079,0.0064,0.0113,0.0101,0.0109,0.0082,0.0074,0.0081,0.0097,0.0098,0.008,0.0109,0.0092,0.0079,0.0082,0.0096,0.01,0.0096,0.0106,0.0068,0.0066,0.0101,0.0098,0.0068,0.0104,0.0091,0.0075,0.0075,0.0075
124,,K,,I,6.278,2.942,6.243871541,2.956817629,1.445,1.6783,2.140128213,3.9032699,0.0058,0.0099,0.0083,0.005,0.0038,0.0098,0.0049,0.004,0.0099,0.0035,0.0023,0.0048,0.0075,0.0075,0.0075,0.0073,0.0078,0.0073,0.0075,0.007,0.0013,0.0077,0.0081,0.0082,0.0079,0.0071,0.0073,0.0083,0.008,0.0079,0.0082,0.0096,0.01,0.0096,0.0106,0.0068,0.0066,0.0101,0.0098,0.0068,0.0104,0.0091,0.0075,0.0075,0.0075
125,,K,,I,6.235,2.966,6.212048386,2.969952705,1.543,2.1675,2.13708939,3.83928862,0.0058,0.0099,0.0083,0.005,0.0038,0.0098,0.0049,0.004,0.0099,0.0035,0.0023,0.0048,0.0075,0.0075,0.0075,0.0069,0.0072,0.0076,0.0085,0.0077,0.0013,0.0079,0.0078,0.0073,0.0084,0.0076,0.0073,0.0083,0.008,0.0079,0.0082,0.0096,0.01,0.0096,0.0106,0.0068,0.0066,0.0101,0.0098,0.0068,0.0104,0.0091,0.0075,0.0075,0.0075
126,,K,,I,6.133,2.933,6.146894796,2.94699903,1.283,1.8017,2.398639226,4.231263465,0.0058,0.0099,0.0083,0.005,0.0038,0.0098,0.0049,0.004,0.0099,0.0035,0.0023,0.0048,0.0075,0.0075,0.0075,0.0066,0.0086,0.0089,0.0073,0.0061,0.0054,0.0082,0.0136,0.0095,0.0086,0.0063,0.0067,0.0096,0.0086,0.0103,0.0082,0.0096,0.01,0.0096,0.0106,0.0068,0.0066,0.0101,0.0098,0.0068,0.0104,0.0091,0.0075,0.0075,0.0075
127,,K,,I,6.256,2.953,6.225646637,2.963164691,1.553,1.8844,2.132726913,3.836707493,0.0058,0.0099,0.0083,0.005,0.0038,0.0098,0.0049,0.004,0.0099,0.0035,0.0023,0.0048,0.0075,0.0075,0.0075,0.0071,0.0075,0.0074,0.008,0.0073,0.0013,0.0078,0.008,0.0078,0.0081,0.0074,0.0073,0.0083,0.008,0.0079,0.0082,0.0096,0.01,0.0096,0.0106,0.0068,0.0066,0.0101,0.0098,0.0068,0.0104,0.0091,0.0075,0.0075,0.0075
128,,K,,Br,5.925,0.412,5.889469543,0.43846267,3.313,4.027,1.743308188,2.523804603,0.0058,0.0099,0.0083,0.005,0.0038,0.0098,0.0049,0.004,0.0099,0.0035,0.0023,0.0048,0.0075,0.0075,0.0075,0.0075,0.0066,0.0078,0.0067,0.0072,-0.0052,0.0073,0.0063,0.0063,0.0069,0.0072,0.0074,0.0057,0.0067,0.0071,0.0073,0.007,0.0069,0.0061,0.0067,0.0075,0.0075,0.0069,0.0069,0.0075,0.0069,0.0073,0.0075,0.0075,0.0075
129,,K,,Br,5.955,0.384,5.949113933,0.412528665,1.577,2.3454,1.968607105,3.64207239,0.0058,0.0099,0.0083,0.005,0.0038,0.0098,0.0049,0.004,0.0099,0.0035,0.0023,0.0048,0.0075,0.0075,0.0075,0.0076,0.0073,0.0062,0.0108,0.0102,0.0067,0.0078,0.0056,0.0072,0.0091,0.0099,0.0082,0.0096,0.0086,0.0071,0.0073,0.007,0.0069,0.0061,0.0067,0.0075,0.0075,0.0069,0.0069,0.0075,0.0069,0.0073,0.0075,0.0075,0.0075
130,,K,,Br,6.135,0.601,6.094452033,0.656563985,2.986,3.6298,1.71577348,2.618798704,0.0058,0.0099,0.0083,0.005,0.0038,0.0098,0.0049,0.004,0.0099,0.0035,0.0023,0.0048,0.0075,0.0075,0.0075,0.0084,0.0073,0.0067,0.0072,0.0089,-0.0003,0.0068,0.0045,0.0065,0.0064,0.0087,0.0084,0.0057,0.0067,0.0063,0.0073,0.007,0.0069,0.0061,0.0067,0.0075,0.0075,0.0069,0.0069,0.0075,0.0069,0.0073,0.0075,0.0075,0.0075
131,,K,,Br,5.794,0.36,5.703101752,0.398545062,3.043,3.5184,1.840040644,2.684025603,0.0058,0.0099,0.0083,0.005,0.0038,0.0098,0.0049,0.004,0.0099,0.0035,0.0023,0.0048,0.0075,0.0075,0.0075,0.0068,0.0081,0.0092,0.0053,0.0053,-0.0009,0.0076,0.0121,0.0085,0.0071,0.0055,0.0067,0.007,0.0074,0.0095,0.0073,0.007,0.0069,0.0061,0.0067,0.0075,0.0075,0.0069,0.0069,0.0075,0.0069,0.0073,0.0075,0.0075,0.0075
132,,K,,Br,6.042,0.522,5.952731233,0.564888881,2.93,3.4537,1.768711753,2.60896642,0.0058,0.0099,0.0083,0.005,0.0038,0.0098,0.0049,0.004,0.0099,0.0035,0.0023,0.0048,0.0075,0.0075,0.0075,0.008,0.0074,0.007,0.0082,0.0091,0.002,0.0072,0.0061,0.0069,0.0074,0.0089,0.0082,0.007,0.0074,0.0071,0.0073,0.007,0.0069,0.0061,0.0067,0.0075,0.0075,0.0069,0.0069,0.0075,0.0069,0.0073,0.0075,0.0075,0.0075
133,,K,,Cl,5.52,2.765,5.509833232,2.961099952,1.711,2.4061,1.940036686,3.77024758,0.0058,0.0099,0.0083,0.005,0.0038,0.0098,0.0049,0.004,0.0099,0.0035,0.0023,0.0048,0.0075,0.0075,0.0075,0.0067,0.0093,0.0087,0.0069,0.0062,0.009,0.008,0.0138,0.01,0.0083,0.0063,0.0069,0.0096,0.0086,0.0103,0.0068,0.005,0.0044,0.0062,0.003,0.008,0.0082,0.0042,0.0048,0.008,0.0033,0.0055,0.0075,0.0075,0.0075
134,,K,,Cl,5.583,2.802,5.550037992,2.874308745,3.345,4.0655,1.655601019,2.341748519,0.0058,0.0099,0.0083,0.005,0.0038,0.0098,0.0049,0.004,0.0099,0.0035,0.0023,0.0048,0.0075,0.0075,0.0075,0.0072,0.007,0.0078,0.0059,0.0061,-0.0049,0.0073,0.0065,0.0069,0.0067,0.0063,0.0071,0.0057,0.0067,0.0071,0.0068,0.005,0.0044,0.0062,0.003,0.008,0.0082,0.0042,0.0048,0.008,0.0033,0.0055,0.0075,0.0075,0.0075
135,,K,,Cl,5.615,2.791,5.605649567,2.903350003,1.959,2.7044,1.864122803,3.589029819,0.0058,0.0099,0.0083,0.005,0.0038,0.0098,0.0049,0.004,0.0099,0.0035,0.0023,0.0048,0.0075,0.0075,0.0075,0.0074,0.0081,0.0068,0.0091,0.0084,0.007,0.0079,0.0078,0.0084,0.0087,0.0083,0.0076,0.0096,0.0086,0.0079,0.0068,0.005,0.0044,0.0062,0.003,0.008,0.0082,0.0042,0.0048,0.008,0.0033,0.0055,0.0075,0.0075,0.0075
136,,K,,Cl,5.572,2.825,5.572125901,2.862196748,4.486,5.7679,1.567522319,2.049153456,0.0058,0.0099,0.0083,0.005,0.0038,0.0098,0.0049,0.004,0.0099,0.0035,0.0023,0.0048,0.0075,0.0075,0.0075,0.0071,0.006,0.0088,0.0028,0.0042,-0.0151,0.0066,0.0051,0.0054,0.0047,0.0046,0.0067,0.0017,0.0049,0.0063,0.0068,0.005,0.0044,0.0062,0.003,0.008,0.0082,0.0042,0.0048,0.008,0.0033,0.0055,0.0075,0.0075,0.0075
137,,MA,,I,6.361,-0.082,6.515791584,0.429519426,1.039,2.6764,2.389009867,4.32721561,0.0083,0.0026,0.0044,0.0041,0.0031,0.0018,0.0108,0.0105,0.0031,0.011,0.009,0.0085,0.0075,0.0075,0.0075,0.0074,0.0087,0.0048,0.0096,0.0079,0.0099,0.0081,0.0043,0.0092,0.0091,0.0079,0.0074,0.0109,0.0092,0.0063,0.0082,0.0096,0.01,0.0096,0.0106,0.0068,0.0066,0.0101,0.0098,0.0068,0.0104,0.0091,0.0075,0.0075,0.0075
138,,MA,,I,6.505,0.077,6.471569068,0.464349559,2.924,3.7586,1.84033575,2.726374621,0.0083,0.0026,0.0044,0.0041,0.0031,0.0018,0.0108,0.0105,0.0031,0.011,0.009,0.0085,0.0075,0.0075,0.0075,0.008,0.006,0.0076,0.0064,0.0077,-0.0096,0.0069,0.0045,0.0053,0.0062,0.0077,0.0078,0.0044,0.0061,0.0063,0.0082,0.0096,0.01,0.0096,0.0106,0.0068,0.0066,0.0101,0.0098,0.0068,0.0104,0.0091,0.0075,0.0075,0.0075
139,,MA,,I,6.476,0,6.493818823,0.426414721,1.476,2.2962,2.156829255,3.990624512,0.0083,0.0026,0.0044,0.0041,0.0031,0.0018,0.0108,0.0105,0.0031,0.011,0.009,0.0085,0.0075,0.0075,0.0075,0.0076,0.0089,0.0058,0.0083,0.0077,0.009,0.0077,0.0063,0.0092,0.0082,0.0077,0.0076,0.0096,0.0086,0.0071,0.0082,0.0096,0.01,0.0096,0.0106,0.0068,0.0066,0.0101,0.0098,0.0068,0.0104,0.0091,0.0075,0.0075,0.0075
140,,MA,,Br,6.057,-0.037,6.004395768,-0.04589676,3.662,4.4124,1.760365779,2.456104287,0.0083,0.0026,0.0044,0.0041,0.0031,0.0018,0.0108,0.0105,0.0031,0.011,0.009,0.0085,0.0075,0.0075,0.0075,0.0077,0.0062,0.0072,0.0077,0.0083,-0.0054,0.0072,0.0042,0.0056,0.0071,0.0082,0.0078,0.0057,0.0067,0.0063,0.0073,0.007,0.0069,0.0061,0.0067,0.0075,0.0075,0.0069,0.0069,0.0075,0.0069,0.0073,0.0075,0.0075,0.0075
141,,MA,,Br,5.886,-0.101,5.845380682,-0.087399561,2.183,3.1339,1.905511275,3.327113915,0.0083,0.0026,0.0044,0.0041,0.0031,0.0018,0.0108,0.0105,0.0031,0.011,0.009,0.0085,0.0075,0.0075,0.0075,0.0062,0.0081,0.0089,0.0063,0.0051,0.0018,0.0081,0.0119,0.0088,0.008,0.0053,0.0063,0.0083,0.008,0.0095,0.0073,0.007,0.0069,0.0061,0.0067,0.0075,0.0075,0.0069,0.0069,0.0075,0.0069,0.0073,0.0075,0.0075,0.0075
142,,MA,,Br,6.074,-0.041,6.00402713,-0.029972776,3.194,3.7528,1.792581731,2.56122507,0.0083,0.0026,0.0044,0.0041,0.0031,0.0018,0.0108,0.0105,0.0031,0.011,0.009,0.0085,0.0075,0.0075,0.0075,0.0078,0.0066,0.0066,0.0087,0.009,-0.0014,0.0074,0.0041,0.0062,0.0076,0.0088,0.008,0.007,0.0074,0.0063,0.0073,0.007,0.0069,0.0061,0.0067,0.0075,0.0075,0.0069,0.0069,0.0075,0.0069,0.0073,0.0075,0.0075,0.0075
143,,MA,,Br,5.984,-0.066,5.930694109,-0.060316499,3.303,3.9511,1.795132506,2.572057543,0.0083,0.0026,0.0044,0.0041,0.0031,0.0018,0.0108,0.0105,0.0031,0.011,0.009,0.0085,0.0075,0.0075,0.0075,0.0072,0.0069,0.0071,0.006,0.0061,-0.0047,0.0073,0.0046,0.0068,0.0067,0.0063,0.0071,0.0057,0.0067,0.0063,0.0073,0.007,0.0069,0.0061,0.0067,0.0075,0.0075,0.0069,0.0069,0.0075,0.0069,0.0073,0.0075,0.0075,0.0075
144,,MA,,Cl,5.719,-0.088,5.672303745,-0.072733504,4.343,5.2918,1.68389464,2.25230211,0.0083,0.0026,0.0044,0.0041,0.0031,0.0018,0.0108,0.0105,0.0031,0.011,0.009,0.0085,0.0075,0.0075,0.0075,0.0073,0.0063,0.0073,0.0074,0.0075,-0.005,0.0073,0.0043,0.0058,0.0071,0.0075,0.0074,0.0057,0.0067,0.0063,0.0068,0.005,0.0044,0.0062,0.003,0.008,0.0082,0.0042,0.0048,0.008,0.0033,0.0055,0.0075,0.0075,0.0075
145,,MA,,Cl,5.647,-0.068,5.57227737,0.051680871,3.824,4.66,1.733392523,2.382588746,0.0083,0.0026,0.0044,0.0041,0.0031,0.0018,0.0108,0.0105,0.0031,0.011,0.009,0.0085,0.0075,0.0075,0.0075,0.0067,0.0075,0.0086,0.006,0.0056,-0.0026,0.0077,0.0101,0.0079,0.0074,0.0058,0.0067,0.007,0.0074,0.0087,0.0068,0.005,0.0044,0.0062,0.003,0.008,0.0082,0.0042,0.0048,0.008,0.0033,0.0055,0.0075,0.0075,0.0075
146,,MA,,Cl,5.748,-0.137,5.702486245,-0.026647155,2.718,3.6576,1.753520925,2.936412189,0.0083,0.0026,0.0044,0.0041,0.0031,0.0018,0.0108,0.0105,0.0031,0.011,0.009,0.0085,0.0075,0.0075,0.0075,0.0072,0.0084,0.0078,0.0066,0.0063,0.0031,0.0077,0.0102,0.0089,0.0076,0.0065,0.0071,0.0083,0.008,0.0087,0.0068,0.005,0.0044,0.0062,0.003,0.008,0.0082,0.0042,0.0048,0.008,0.0033,0.0055,0.0075,0.0075,0.0075
147,,MA,,Cl,5.74,-0.209,5.781514675,-0.142656709,2.008,3.5808,1.903864596,3.464769553,0.0083,0.0026,0.0044,0.0041,0.0031,0.0018,0.0108,0.0105,0.0031,0.011,0.009,0.0085,0.0075,0.0075,0.0075,0.0075,0.008,0.005,0.0109,0.0093,0.0096,0.0081,0.0039,0.0082,0.0095,0.0092,0.0078,0.0109,0.0092,0.0063,0.0068,0.005,0.0044,0.0062,0.003,0.008,0.0082,0.0042,0.0048,0.008,0.0033,0.0055,0.0075,0.0075,0.0075
148,,Rb,,I,6.355,2.474,6.408458894,2.48745392,1.28,1.9178,2.312154482,4.214825079,0.0062,0.0092,0.0077,0.0089,0.0083,0.0095,0.0047,0.004,0.0089,0.0035,0.0046,0.006,0.0075,0.0075,0.0075,0.0077,0.0072,0.0051,0.0125,0.0112,0.0091,0.0081,0.0035,0.0072,0.0099,0.0108,0.0084,0.0109,0.0092,0.0063,0.0082,0.0096,0.01,0.0096,0.0106,0.0068,0.0066,0.0101,0.0098,0.0068,0.0104,0.0091,0.0075,0.0075,0.0075
149,,Rb,,I,6.364,2.517,6.344556357,2.496146692,1.683,2.2445,2.069705114,3.814076213,0.0062,0.0092,0.0077,0.0089,0.0083,0.0095,0.0047,0.004,0.0089,0.0035,0.0046,0.006,0.0075,0.0075,0.0075,0.0076,0.0066,0.0062,0.01,0.0095,0.001,0.0077,0.0039,0.0064,0.0085,0.0093,0.008,0.0083,0.008,0.0063,0.0082,0.0096,0.01,0.0096,0.0106,0.0068,0.0066,0.0101,0.0098,0.0068,0.0104,0.0091,0.0075,0.0075,0.0075
150,,Rb,,I,6.466,2.604,6.429276829,2.604475994,2.602,3.0359,1.882732314,3.013231713,0.0062,0.0092,0.0077,0.0089,0.0083,0.0095,0.0047,0.004,0.0089,0.0035,0.0046,0.006,0.0075,0.0075,0.0075,0.008,0.007,0.0069,0.0067,0.0077,-0.0036,0.007,0.0046,0.0065,0.0066,0.0077,0.0078,0.0057,0.0067,0.0063,0.0082,0.0096,0.01,0.0096,0.0106,0.0068,0.0066,0.0101,0.0098,0.0068,0.0104,0.0091,0.0075,0.0075,0.0075
151,,Rb,,I,6.054,2.415,6.165487613,2.477118708,0.545,1.2472,2.876428593,4.803339693,0.0062,0.0092,0.0077,0.0089,0.0083,0.0095,0.0047,0.004,0.0089,0.0035,0.0046,0.006,0.0075,0.0075,0.0075,0.0061,0.0097,0.0085,0.0085,0.0062,0.0138,0.0087,0.0153,0.011,0.0098,0.0064,0.0065,0.0122,0.0098,0.0111,0.0082,0.0096,0.01,0.0096,0.0106,0.0068,0.0066,0.0101,0.0098,0.0068,0.0104,0.0091,0.0075,0.0075,0.0075
152,,Rb,,I,6.354,2.52,6.26653969,2.516233425,2.737,3.2074,1.951294448,3.068337969,0.0062,0.0092,0.0077,0.0089,0.0083,0.0095,0.0047,0.004,0.0089,0.0035,0.0046,0.006,0.0075,0.0075,0.0075,0.0076,0.0072,0.0071,0.007,0.0071,-0.0029,0.0074,0.0063,0.0073,0.0073,0.0072,0.0074,0.007,0.0074,0.0071,0.0082,0.0096,0.01,0.0096,0.0106,0.0068,0.0066,0.0101,0.0098,0.0068,0.0104,0.0091,0.0075,0.0075,0.0075
153,,Rb,,Br,5.778,-0.012,5.787779733,0.000693444,1.539,2.2064,2.120827175,4.02666557,0.0062,0.0092,0.0077,0.0089,0.0083,0.0095,0.0047,0.004,0.0089,0.0035,0.0046,0.006,0.0075,0.0075,0.0075,0.0068,0.0084,0.0068,0.0079,0.0065,0.0058,0.0081,0.0081,0.009,0.0086,0.0066,0.0069,0.0096,0.0086,0.0079,0.0073,0.007,0.0069,0.0061,0.0067,0.0075,0.0075,0.0069,0.0069,0.0075,0.0069,0.0073,0.0075,0.0075,0.0075
154,,Rb,,Br,6.066,0.259,5.980429397,0.291972916,3.149,3.6573,1.761055271,2.558218448,0.0062,0.0092,0.0077,0.0089,0.0083,0.0095,0.0047,0.004,0.0089,0.0035,0.0046,0.006,0.0075,0.0075,0.0075,0.0082,0.0067,0.0065,0.009,0.0097,0.0002,0.0072,0.0041,0.0061,0.0076,0.0095,0.0084,0.007,0.0074,0.0063,0.0073,0.007,0.0069,0.0061,0.0067,0.0075,0.0075,0.0069,0.0069,0.0075,0.0069,0.0073,0.0075,0.0075,0.0075
155,,Rb,,Br,5.986,0.262,5.894977017,0.294833028,3.3,3.8671,1.790129904,2.584611854,0.0062,0.0092,0.0077,0.0089,0.0083,0.0095,0.0047,0.004,0.0089,0.0035,0.0046,0.006,0.0075,0.0075,0.0075,0.0077,0.0073,0.0078,0.0077,0.0083,0.0003,0.0074,0.008,0.007,0.0074,0.0082,0.0078,0.007,0.0074,0.0079,0.0073,0.007,0.0069,0.0061,0.0067,0.0075,0.0075,0.0069,0.0069,0.0075,0.0069,0.0073,0.0075,0.0075,0.0075
156,,Rb,,Br,5.837,0.034,5.8087347,0.02954325,2.208,2.888,1.916388097,3.477129611,0.0062,0.0092,0.0077,0.0089,0.0083,0.0095,0.0047,0.004,0.0089,0.0035,0.0046,0.006,0.0075,0.0075,0.0075,0.007,0.0068,0.007,0.0093,0.0084,0.0013,0.0079,0.0058,0.0067,0.0086,0.0083,0.0074,0.0083,0.008,0.0071,0.0073,0.007,0.0069,0.0061,0.0067,0.0075,0.0075,0.0069,0.0069,0.0075,0.0069,0.0073,0.0075,0.0075,0.0075
157,,Rb,,Br,5.965,0.153,5.925788518,0.151107992,3.803,4.5032,1.736165736,2.441072203,0.0062,0.0092,0.0077,0.0089,0.0083,0.0095,0.0047,0.004,0.0089,0.0035,0.0046,0.006,0.0075,0.0075,0.0075,0.0078,0.006,0.0072,0.0077,0.0083,-0.0072,0.0072,0.0042,0.0055,0.0071,0.0082,0.0078,0.0057,0.0067,0.0063,0.0073,0.007,0.0069,0.0061,0.0067,0.0075,0.0075,0.0069,0.0069,0.0075,0.0069,0.0073,0.0075,0.0075,0.0075
158,,Rb,,Cl,5.51,-0.019,5.482913555,0.023888039,3.738,4.4997,1.660409916,2.287597156,0.0062,0.0092,0.0077,0.0089,0.0083,0.0095,0.0047,0.004,0.0089,0.0035,0.0046,0.006,0.0075,0.0075,0.0075,0.0069,0.0067,0.0083,0.004,0.0043,-0.0104,0.0072,0.0068,0.0068,0.0059,0.0047,0.0065,0.0044,0.0061,0.0071,0.0068,0.005,0.0044,0.0062,0.003,0.008,0.0082,0.0042,0.0048,0.008,0.0033,0.0055,0.0075,0.0075,0.0075
159,,Rb,,Cl,5.565,-0.017,5.530833886,0.035055657,2.436,3.2691,1.795208049,3.260306821,0.0062,0.0092,0.0077,0.0089,0.0083,0.0095,0.0047,0.004,0.0089,0.0035,0.0046,0.006,0.0075,0.0075,0.0075,0.0071,0.0074,0.0068,0.0081,0.0073,0.0015,0.0078,0.0061,0.0076,0.0081,0.0074,0.0073,0.0083,0.008,0.0071,0.0068,0.005,0.0044,0.0062,0.003,0.008,0.0082,0.0042,0.0048,0.008,0.0033,0.0055,0.0075,0.0075,0.0075
160,,Rb,,Cl,5.847,0.455,5.823609136,0.53640597,3.141,3.8759,1.609232085,2.312091906,0.0062,0.0092,0.0077,0.0089,0.0083,0.0095,0.0047,0.004,0.0089,0.0035,0.0046,0.006,0.0075,0.0075,0.0075,0.0082,0.0075,0.0079,0.0054,0.0075,-0.0025,0.0067,0.0066,0.0066,0.0057,0.0075,0.008,0.0044,0.0061,0.0071,0.0068,0.005,0.0044,0.0062,0.003,0.008,0.0082,0.0042,0.0048,0.008,0.0033,0.0055,0.0075,0.0075,0.0075
161,,Rb,,Cl,5.936,0.499,5.910253441,0.553476871,3.286,4.0563,1.598625529,2.295236158,0.0062,0.0092,0.0077,0.0089,0.0083,0.0095,0.0047,0.004,0.0089,0.0035,0.0046,0.006,0.0075,0.0075,0.0075,0.0088,0.0075,0.0071,0.0061,0.0087,-0.001,0.0065,0.0047,0.0063,0.0056,0.0086,0.0086,0.0044,0.0061,0.0063,0.0068,0.005,0.0044,0.0062,0.003,0.008,0.0082,0.0042,0.0048,0.008,0.0033,0.0055,0.0075,0.0075,0.0075
162,,Rb,,Cl,5.568,0.173,5.533284935,0.284691572,3.531,4.2559,1.691448208,2.376592724,0.0062,0.0092,0.0077,0.0089,0.0083,0.0095,0.0047,0.004,0.0089,0.0035,0.0046,0.006,0.0075,0.0075,0.0075,0.0069,0.0077,0.0091,0.0047,0.005,-0.0031,0.0074,0.0104,0.0078,0.0065,0.0053,0.0067,0.0057,0.0067,0.0087,0.0068,0.005,0.0044,0.0062,0.003,0.008,0.0082,0.0042,0.0048,0.008,0.0033,0.0055,0.0075,0.0075,0.0075
163,,K,,I,6.512,3.029,6.511701562,3.061064933,3.105,4.062,1.762384461,2.583739706,0.0058,0.0099,0.0083,0.005,0.0038,0.0098,0.0049,0.004,0.0099,0.0035,0.0023,0.0048,0.0075,0.0075,0.0075,0.0084,0.006,0.0079,0.0053,0.0075,-0.0121,0.0065,0.0047,0.0051,0.0053,0.0076,0.008,0.0031,0.0055,0.0063,0.0082,0.0096,0.01,0.0096,0.0106,0.0068,0.0066,0.0101,0.0098,0.0068,0.0104,0.0091,0.0075,0.0075,0.0075
164,,K,,Cl,5.46,2.711,5.427282952,2.836557506,3.806,4.6029,1.690729438,2.370399538,0.0058,0.0099,0.0083,0.005,0.0038,0.0098,0.0049,0.004,0.0099,0.0035,0.0023,0.0048,0.0075,0.0075,0.0075,0.0065,0.0076,0.0092,0.0043,0.0042,-0.0046,0.0075,0.0104,0.0078,0.0065,0.0046,0.0063,0.0057,0.0067,0.0087,0.0068,0.005,0.0044,0.0062,0.003,0.008,0.0082,0.0042,0.0048,0.008,0.0033,0.0055,0.0075,0.0075,0.0075
165,,FA,,I,6.52,-0.552,6.636988331,-0.548172409,1.257,2.7725,2.225979539,4.154162968,0.0097,0.0031,0.0087,0.0064,0.0044,0.0018,0.0099,0.0111,0.0037,0.011,0.0112,0.0097,0.0075,0.0075,0.0075,0.0075,0.0092,0.0053,0.0089,0.0076,0.0115,0.008,0.0063,0.0099,0.0088,0.0076,0.0074,0.0109,0.0092,0.0071,0.0082,0.0096,0.01,0.0096,0.0106,0.0068,0.0066,0.0101,0.0098,0.0068,0.0104,0.0091,0.0075,0.0075,0.0075
166,,FA,,Br,6.211,-0.614,6.101200462,-0.643631073,3.63,4.4184,1.769158067,2.516266397,0.0097,0.0031,0.0087,0.0064,0.0044,0.0018,0.0099,0.0111,0.0037,0.011,0.0112,0.0097,0.0075,0.0075,0.0075,0.0081,0.0062,0.0066,0.0095,0.0101,-0.0017,0.0073,0.0039,0.0056,0.0078,0.0098,0.0084,0.007,0.0074,0.0063,0.0073,0.007,0.0069,0.0061,0.0067,0.0075,0.0075,0.0069,0.0069,0.0075,0.0069,0.0073,0.0075,0.0075,0.0075
167,,FA,,Br,6.252,-0.63,6.101200462,-0.687245605,2.834,3.8938,1.784123731,2.830253319,0.0097,0.0031,0.0087,0.0064,0.0044,0.0018,0.0099,0.0111,0.0037,0.011,0.0112,0.0097,0.0075,0.0075,0.0075,0.0078,0.0076,0.0073,0.0094,0.0097,0.006,0.0076,0.0077,0.0072,0.0082,0.0094,0.0082,0.0083,0.008,0.0079,0.0073,0.007,0.0069,0.0061,0.0067,0.0075,0.0075,0.0069,0.0069,0.0075,0.0069,0.0073,0.0075,0.0075,0.0075
168,,FA,,Br,6.173,-0.691,6.139303066,-0.696453016,2.818,3.738,1.808903143,2.97869095,0.0097,0.0031,0.0087,0.0064,0.0044,0.0018,0.0099,0.0111,0.0037,0.011,0.0112,0.0097,0.0075,0.0075,0.0075,0.0075,0.0063,0.0063,0.0105,0.0099,0.001,0.0077,0.0037,0.006,0.0088,0.0096,0.008,0.0083,0.008,0.0063,0.0073,0.007,0.0069,0.0061,0.0067,0.0075,0.0075,0.0069,0.0069,0.0075,0.0069,0.0073,0.0075,0.0075,0.0075
169,,FA,,Br,6.232,-0.563,6.104844992,-0.725709529,3.194,3.7436,1.79977101,2.643183747,0.0097,0.0031,0.0087,0.0064,0.0044,0.0018,0.0099,0.0111,0.0037,0.011,0.0112,0.0097,0.0075,0.0075,0.0075,0.0081,0.0079,0.0069,0.0077,0.0087,0.0038,0.0072,0.0063,0.0074,0.0071,0.0086,0.0082,0.007,0.0074,0.0071,0.0073,0.007,0.0069,0.0061,0.0067,0.0075,0.0075,0.0069,0.0069,0.0075,0.0069,0.0073,0.0075,0.0075,0.0075
170,,MA,,I,6.409,0.133,6.322841696,0.547002319,2.614,3.0204,1.988957758,3.160451232,0.0083,0.0026,0.0044,0.0041,0.0031,0.0018,0.0108,0.0105,0.0031,0.011,0.009,0.0085,0.0075,0.0075,0.0075,0.0074,0.0081,0.0083,0.006,0.0065,0.0006,0.0074,0.0102,0.0082,0.007,0.0066,0.0073,0.007,0.0074,0.0087,0.0082,0.0096,0.01,0.0096,0.0106,0.0068,0.0066,0.0101,0.0098,0.0068,0.0104,0.0091,0.0075,0.0075,0.0075
171,,MA,,I,6.468,0.085,6.440998628,0.49346985,1.986,2.8399,2.001674635,3.48751674,0.0083,0.0026,0.0044,0.0041,0.0031,0.0018,0.0108,0.0105,0.0031,0.011,0.009,0.0085,0.0075,0.0075,0.0075,0.0075,0.0069,0.0069,0.0098,0.0096,0.0027,0.0077,0.0057,0.0066,0.0085,0.0093,0.008,0.0083,0.008,0.0071,0.0082,0.0096,0.01,0.0096,0.0106,0.0068,0.0066,0.0101,0.0098,0.0068,0.0104,0.0091,0.0075,0.0075,0.0075
172,,MA,,Br,6.118,0.038,6.05576892,0.052519416,2.982,3.4893,1.76440021,2.601611072,0.0083,0.0026,0.0044,0.0041,0.0031,0.0018,0.0108,0.0105,0.0031,0.011,0.009,0.0085,0.0075,0.0075,0.0075,0.0079,0.0072,0.0069,0.0067,0.0077,-0.0017,0.007,0.0046,0.0066,0.0065,0.0077,0.0078,0.0057,0.0067,0.0063,0.0073,0.007,0.0069,0.0061,0.0067,0.0075,0.0075,0.0069,0.0069,0.0075,0.0069,0.0073,0.0075,0.0075,0.0075
173,,MA,,Cl,5.69,-0.249,5.73892963,-0.187274253,2.043,3.36,1.884534529,3.47340757,0.0083,0.0026,0.0044,0.0041,0.0031,0.0018,0.0108,0.0105,0.0031,0.011,0.009,0.0085,0.0075,0.0075,0.0075,0.0067,0.0093,0.0069,0.0079,0.006,0.01,0.0083,0.01,0.0103,0.0089,0.0062,0.0067,0.0109,0.0092,0.0087,0.0068,0.005,0.0044,0.0062,0.003,0.008,0.0082,0.0042,0.0048,0.008,0.0033,0.0055,0.0075,0.0075,0.0075
174,,FA,,I,6.455,-0.389,6.464675738,-0.432233375,2.057,2.9514,1.975146179,3.4134088,0.0097,0.0031,0.0087,0.0064,0.0044,0.0018,0.0099,0.0111,0.0037,0.011,0.0112,0.0097,0.0075,0.0075,0.0075,0.0065,0.0077,0.0083,0.0073,0.0062,0.0016,0.008,0.0099,0.0081,0.0082,0.0063,0.0067,0.0083,0.008,0.0087,0.0082,0.0096,0.01,0.0096,0.0106,0.0068,0.0066,0.0101,0.0098,0.0068,0.0104,0.0091,0.0075,0.0075,0.0075
175,,Cs,,I,6.111,0.117,6.15272924,0.136229611,1.036,1.605,2.678597958,4.539129913,0.0067,0.009,0.0074,0.0108,0.0129,0.0092,0.0044,0.0036,0.0088,0.0034,0.0068,0.0073,0.0075,0.0075,0.0075,0.0061,0.0098,0.0096,0.0069,0.0053,0.0115,0.0085,0.0175,0.011,0.009,0.0055,0.0063,0.0109,0.0092,0.0118,0.0082,0.0096,0.01,0.0096,0.0106,0.0068,0.0066,0.0101,0.0098,0.0068,0.0104,0.0091,0.0075,0.0075,0.0075
176,,Cs,,I,6.334,-0.041,6.427286327,0.004272978,0.963,1.6539,2.523243343,4.448010648,0.0067,0.009,0.0074,0.0108,0.0129,0.0092,0.0044,0.0036,0.0088,0.0034,0.0068,0.0073,0.0075,0.0075,0.0075,0.0076,0.0081,0.0045,0.0126,0.0107,0.0134,0.0083,0.0036,0.0083,0.0103,0.0104,0.0082,0.0122,0.0098,0.0063,0.0082,0.0096,0.01,0.0096,0.0106,0.0068,0.0066,0.0101,0.0098,0.0068,0.0104,0.0091,0.0075,0.0075,0.0075
177,,Cs,,Br,6.31,0.25,6.30960982,0.291173844,3.976,5.1008,1.622088705,2.207644131,0.0067,0.009,0.0074,0.0108,0.0129,0.0092,0.0044,0.0036,0.0088,0.0034,0.0068,0.0073,0.0075,0.0075,0.0075,0.0091,0.0067,0.0081,0.0047,0.0086,-0.0077,0.0059,0.0049,0.005,0.0043,0.0085,0.0087,0.0017,0.0049,0.0063,0.0073,0.007,0.0069,0.0061,0.0067,0.0075,0.0075,0.0069,0.0069,0.0075,0.0069,0.0073,0.0075,0.0075,0.0075
178,,Cs,,Cl,6.004,1.967,6.004353567,2.07416956,3.584,4.4177,1.585187233,2.180594865,0.0067,0.009,0.0074,0.0108,0.0129,0.0092,0.0044,0.0036,0.0088,0.0034,0.0068,0.0073,0.0075,0.0075,0.0075,0.009,0.0072,0.0076,0.0055,0.0089,-0.0035,0.0062,0.0048,0.0057,0.0049,0.0087,0.0087,0.0031,0.0055,0.0063,0.0068,0.005,0.0044,0.0062,0.003,0.008,0.0082,0.0042,0.0048,0.008,0.0033,0.0055,0.0075,0.0075,0.0075
179,,FA,,Br,6.139,-0.851,6.25818541,-0.837315426,2.021,3.7607,1.976789424,3.649327953,0.0097,0.0031,0.0087,0.0064,0.0044,0.0018,0.0099,0.0111,0.0037,0.011,0.0112,0.0097,0.0075,0.0075,0.0075,0.0067,0.0084,0.0073,0.0112,0.0092,0.0134,0.0086,0.0111,0.0091,0.0104,0.009,0.0074,0.0122,0.0098,0.0095,0.0073,0.007,0.0069,0.0061,0.0067,0.0075,0.0075,0.0069,0.0069,0.0075,0.0069,0.0073,0.0075,0.0075,0.0075
180,,K,,I,6.154,2.893,6.154438847,2.904814635,3.063,3.9002,1.873572393,2.800699328,0.0058,0.0099,0.0083,0.005,0.0038,0.0098,0.0049,0.004,0.0099,0.0035,0.0023,0.0048,0.0075,0.0075,0.0075,0.0063,0.0063,0.0091,0.0027,0.0029,-0.0141,0.0071,0.0069,0.0063,0.0054,0.0034,0.006,0.0031,0.0055,0.0071,0.0082,0.0096,0.01,0.0096,0.0106,0.0068,0.0066,0.0101,0.0098,0.0068,0.0104,0.0091,0.0075,0.0075,0.0075
181,,K,,I,6.258,2.95,6.258238925,2.969141866,3.202,4.1623,1.793041867,2.518272013,0.0058,0.0099,0.0083,0.005,0.0038,0.0098,0.0049,0.004,0.0099,0.0035,0.0023,0.0048,0.0075,0.0075,0.0075,0.0068,0.0059,0.0089,0.0024,0.0034,-0.0166,0.0067,0.0051,0.0054,0.0048,0.0039,0.0063,0.0017,0.0049,0.0063,0.0082,0.0096,0.01,0.0096,0.0106,0.0068,0.0066,0.0101,0.0098,0.0068,0.0104,0.0091,0.0075,0.0075,0.0075
182,,K,,Br,5.859,0.175,5.953463408,0.269683911,0.672,1.4921,2.409839621,4.637441982,0.0058,0.0099,0.0083,0.005,0.0038,0.0098,0.0049,0.004,0.0099,0.0035,0.0023,0.0048,0.0075,0.0075,0.0075,0.0075,0.0091,0.0042,0.0105,0.0085,0.0139,0.0083,0.0042,0.0098,0.0097,0.0085,0.0076,0.0122,0.0098,0.0063,0.0073,0.007,0.0069,0.0061,0.0067,0.0075,0.0075,0.0069,0.0069,0.0075,0.0069,0.0073,0.0075,0.0075,0.0075
183,,K,,Br,6.142,0.566,6.052765535,0.612079095,3.384,4.0646,1.733428336,2.500872382,0.0058,0.0099,0.0083,0.005,0.0038,0.0098,0.0049,0.004,0.0099,0.0035,0.0023,0.0048,0.0075,0.0075,0.0075,0.0084,0.0067,0.0065,0.0101,0.0113,0.0034,0.0071,0.0039,0.0057,0.0077,0.0109,0.0089,0.007,0.0074,0.0063,0.0073,0.007,0.0069,0.0061,0.0067,0.0075,0.0075,0.0069,0.0069,0.0075,0.0069,0.0073,0.0075,0.0075,0.0075
184,,K,,Br,6.011,0.479,6.010763355,0.521901803,3.681,4.8118,1.635174541,2.250231852,0.0058,0.0099,0.0083,0.005,0.0038,0.0098,0.0049,0.004,0.0099,0.0035,0.0023,0.0048,0.0075,0.0075,0.0075,0.0078,0.0063,0.0086,0.0035,0.0058,-0.0121,0.0064,0.005,0.0053,0.0046,0.006,0.0074,0.0017,0.0049,0.0063,0.0073,0.007,0.0069,0.0061,0.0067,0.0075,0.0075,0.0069,0.0069,0.0075,0.0069,0.0073,0.0075,0.0075,0.0075
185,,K,,Cl,5.949,3.312,5.93984983,3.410237818,3.696,4.5807,1.550641285,2.185385512,0.0058,0.0099,0.0083,0.005,0.0038,0.0098,0.0049,0.004,0.0099,0.0035,0.0023,0.0048,0.0075,0.0075,0.0075,0.0088,0.0073,0.0083,0.0051,0.0085,-0.0036,0.0062,0.0066,0.0059,0.005,0.0083,0.0086,0.0031,0.0055,0.0071,0.0068,0.005,0.0044,0.0062,0.003,0.008,0.0082,0.0042,0.0048,0.008,0.0033,0.0055,0.0075,0.0075,0.0075
186,,K,,Cl,5.327,2.464,5.353512715,2.719107523,1.361,2.1302,2.136363207,4.096393462,0.0058,0.0099,0.0083,0.005,0.0038,0.0098,0.0049,0.004,0.0099,0.0035,0.0023,0.0048,0.0075,0.0075,0.0075,0.006,0.0096,0.0096,0.0067,0.0049,0.0098,0.0086,0.0175,0.011,0.009,0.0052,0.0061,0.0109,0.0092,0.0118,0.0068,0.005,0.0044,0.0062,0.003,0.008,0.0082,0.0042,0.0048,0.008,0.0033,0.0055,0.0075,0.0075,0.0075
187,,K,,Cl,5.73,2.96,5.730086062,3.00989189,4.363,5.6418,1.534320863,2.021700152,0.0058,0.0099,0.0083,0.005,0.0038,0.0098,0.0049,0.004,0.0099,0.0035,0.0023,0.0048,0.0075,0.0075,0.0075,0.0083,0.0056,0.0084,0.0036,0.0062,-0.0178,0.0063,0.005,0.0049,0.0045,0.0063,0.0076,0.0017,0.0049,0.0063,0.0068,0.005,0.0044,0.0062,0.003,0.008,0.0082,0.0042,0.0048,0.008,0.0033,0.0055,0.0075,0.0075,0.0075
188,,MA,,I,6.357,-0.106,6.551709459,0.404656022,0.993,2.8925,2.4126656,4.372804855,0.0083,0.0026,0.0044,0.0041,0.0031,0.0018,0.0108,0.0105,0.0031,0.011,0.009,0.0085,0.0075,0.0075,0.0075,0.0073,0.009,0.0047,0.0089,0.0071,0.01,0.0081,0.0045,0.0097,0.0089,0.0073,0.0073,0.0109,0.0092,0.0063,0.0082,0.0096,0.01,0.0096,0.0106,0.0068,0.0066,0.0101,0.0098,0.0068,0.0104,0.0091,0.0075,0.0075,0.0075
189,,MA,,I,6.315,0.125,6.232681519,0.526457662,2.616,3.4319,2.010637713,3.205389428,0.0083,0.0026,0.0044,0.0041,0.0031,0.0018,0.0108,0.0105,0.0031,0.011,0.009,0.0085,0.0075,0.0075,0.0075,0.0069,0.0078,0.0091,0.0053,0.0053,-0.0028,0.0076,0.0121,0.0084,0.0071,0.0055,0.0067,0.007,0.0074,0.0095,0.0082,0.0096,0.01,0.0096,0.0106,0.0068,0.0066,0.0101,0.0098,0.0068,0.0104,0.0091,0.0075,0.0075,0.0075
190,,MA,,Br,6.038,-0.058,5.960270012,-0.037416976,3.26,3.942,1.814800297,2.662675355,0.0083,0.0026,0.0044,0.0041,0.0031,0.0018,0.0108,0.0105,0.0031,0.011,0.009,0.0085,0.0075,0.0075,0.0075,0.0078,0.0075,0.0063,0.0066,0.0068,-0.0027,0.0073,0.0047,0.0076,0.007,0.0069,0.0074,0.007,0.0074,0.0063,0.0073,0.007,0.0069,0.0061,0.0067,0.0075,0.0075,0.0069,0.0069,0.0075,0.0069,0.0073,0.0075,0.0075,0.0075
191,,MA,,Br,6.089,-0.115,6.106581845,-0.06699021,2.243,3.4887,1.973192081,3.413965627,0.0083,0.0026,0.0044,0.0041,0.0031,0.0018,0.0108,0.0105,0.0031,0.011,0.009,0.0085,0.0075,0.0075,0.0075,0.0079,0.0067,0.0053,0.014,0.013,0.0104,0.008,0.0031,0.0062,0.0103,0.0124,0.0089,0.0109,0.0092,0.0063,0.0073,0.007,0.0069,0.0061,0.0067,0.0075,0.0075,0.0069,0.0069,0.0075,0.0069,0.0073,0.0075,0.0075,0.0075
192,,MA,,Cl,5.685,-0.134,5.633913974,-0.118371,4.333,5.3219,1.714154987,2.30386547,0.0083,0.0026,0.0044,0.0041,0.0031,0.0018,0.0108,0.0105,0.0031,0.011,0.009,0.0085,0.0075,0.0075,0.0075,0.0071,0.0062,0.0069,0.0087,0.0081,-0.0027,0.0076,0.004,0.0059,0.008,0.008,0.0074,0.007,0.0074,0.0063,0.0068,0.005,0.0044,0.0062,0.003,0.008,0.0082,0.0042,0.0048,0.008,0.0033,0.0055,0.0075,0.0075,0.0075
193,,Rb,,I,6.002,2.389,6.116533542,2.442500562,0.428,1.1452,2.99946137,4.908963537,0.0062,0.0092,0.0077,0.0089,0.0083,0.0095,0.0047,0.004,0.0089,0.0035,0.0046,0.006,0.0075,0.0075,0.0075,0.0059,0.0101,0.0091,0.0075,0.0051,0.014,0.0088,0.0174,0.0117,0.0096,0.0054,0.0061,0.0122,0.0098,0.0118,0.0082,0.0096,0.01,0.0096,0.0106,0.0068,0.0066,0.0101,0.0098,0.0068,0.0104,0.0091,0.0075,0.0075,0.0075
194,,Rb,,I,6.526,2.593,6.420205092,2.616597528,2.912,3.3389,1.931270659,3.129312769,0.0062,0.0092,0.0077,0.0089,0.0083,0.0095,0.0047,0.004,0.0089,0.0035,0.0046,0.006,0.0075,0.0075,0.0075,0.0083,0.0082,0.0061,0.0073,0.0084,0.004,0.0071,0.0046,0.0077,0.0069,0.0083,0.0082,0.007,0.0074,0.0063,0.0082,0.0096,0.01,0.0096,0.0106,0.0068,0.0066,0.0101,0.0098,0.0068,0.0104,0.0091,0.0075,0.0075,0.0075
195,,Rb,,I,6.425,2.5,6.425367772,2.490144105,3.306,4.2726,1.747354798,2.453624977,0.0062,0.0092,0.0077,0.0089,0.0083,0.0095,0.0047,0.004,0.0089,0.0035,0.0046,0.006,0.0075,0.0075,0.0075,0.008,0.0055,0.0085,0.0033,0.0054,-0.0194,0.0065,0.005,0.005,0.0046,0.0056,0.0073,0.0017,0.0049,0.0063,0.0082,0.0096,0.01,0.0096,0.0106,0.0068,0.0066,0.0101,0.0098,0.0068,0.0104,0.0091,0.0075,0.0075,0.0075
196,,Rb,,Br,5.759,-0.018,5.74111688,-0.020462648,3.42,4.2034,1.733014943,2.404873236,0.0062,0.0092,0.0077,0.0089,0.0083,0.0095,0.0047,0.004,0.0089,0.0035,0.0046,0.006,0.0075,0.0075,0.0075,0.0066,0.0063,0.0084,0.0031,0.0033,-0.0141,0.007,0.0051,0.0061,0.0054,0.0037,0.0061,0.0031,0.0055,0.0063,0.0073,0.007,0.0069,0.0061,0.0067,0.0075,0.0075,0.0069,0.0069,0.0075,0.0069,0.0073,0.0075,0.0075,0.0075
197,,Rb,,Br,6.265,0.506,6.26517754,0.554932374,3.675,4.8001,1.605861766,2.228159858,0.0062,0.0092,0.0077,0.0089,0.0083,0.0095,0.0047,0.004,0.0089,0.0035,0.0046,0.006,0.0075,0.0075,0.0075,0.0089,0.0067,0.0082,0.0045,0.0082,-0.0076,0.006,0.0049,0.0051,0.0043,0.0081,0.0086,0.0017,0.0049,0.0063,0.0073,0.007,0.0069,0.0061,0.0067,0.0075,0.0075,0.0069,0.0069,0.0075,0.0069,0.0073,0.0075,0.0075,0.0075
198,,Rb,,Br,5.955,0.045,6.011476102,0.064641385,1.528,2.3197,2.108904,3.875925207,0.0062,0.0092,0.0077,0.0089,0.0083,0.0095,0.0047,0.004,0.0089,0.0035,0.0046,0.006,0.0075,0.0075,0.0075,0.0077,0.007,0.0048,0.0146,0.0129,0.0129,0.0083,0.0031,0.0068,0.011,0.0123,0.0087,0.0122,0.0098,0.0063,0.0073,0.007,0.0069,0.0061,0.0067,0.0075,0.0075,0.0069,0.0069,0.0075,0.0069,0.0073,0.0075,0.0075,0.0075
199,,Rb,,Cl,5.658,0.143,5.639349068,0.20180941,3.964,4.867,1.593804764,2.15346386,0.0062,0.0092,0.0077,0.0089,0.0083,0.0095,0.0047,0.004,0.0089,0.0035,0.0046,0.006,0.0075,0.0075,0.0075,0.0078,0.006,0.0086,0.0039,0.0056,-0.0153,0.0067,0.0067,0.0058,0.0052,0.0059,0.0073,0.0031,0.0055,0.0071,0.0068,0.005,0.0044,0.0062,0.003,0.008,0.0082,0.0042,0.0048,0.008,0.0033,0.0055,0.0075,0.0075,0.0075
200,,Rb,,Cl,5.464,-0.075,5.463621437,-0.069343981,4.875,6.1855,1.599188991,2.033223086,0.0062,0.0092,0.0077,0.0089,0.0083,0.0095,0.0047,0.004,0.0089,0.0035,0.0046,0.006,0.0075,0.0075,0.0075,0.0067,0.0057,0.0089,0.0022,0.003,-0.0183,0.0068,0.0051,0.0054,0.0048,0.0035,0.0061,0.0017,0.0049,0.0063,0.0068,0.005,0.0044,0.0062,0.003,0.008,0.0082,0.0042,0.0048,0.008,0.0033,0.0055,0.0075,0.0075,0.0075
201,,Rb,,Cl,5.349,-0.244,5.416984898,0.020778092,1.093,1.9714,2.240082479,4.235250715,0.0062,0.0092,0.0077,0.0089,0.0083,0.0095,0.0047,0.004,0.0089,0.0035,0.0046,0.006,0.0075,0.0075,0.0075,0.0059,0.0098,0.0092,0.0082,0.0059,0.0138,0.0088,0.0172,0.0112,0.0099,0.006,0.0063,0.0122,0.0098,0.0118,0.0068,0.005,0.0044,0.0062,0.003,0.008,0.0082,0.0042,0.0048,0.008,0.0033,0.0055,0.0075,0.0075,0.0075
202,,Cs,,I,6.413,0.156,6.314919121,0.168627705,2.613,2.9839,1.972975343,3.075329766,0.0067,0.009,0.0074,0.0108,0.0129,0.0092,0.0044,0.0036,0.0088,0.0034,0.0068,0.0073,0.0075,0.0075,0.0075,0.0076,0.0076,0.0077,0.007,0.0076,0.0005,0.0074,0.0082,0.0075,0.0072,0.0076,0.0076,0.007,0.0074,0.0079,0.0082,0.0096,0.01,0.0096,0.0106,0.0068,0.0066,0.0101,0.0098,0.0068,0.0104,0.0091,0.0075,0.0075,0.0075
203,,Cs,,I,6.706,0.225,6.705625492,0.25268554,3.476,4.4297,1.720254467,2.44236121,0.0067,0.009,0.0074,0.0108,0.0129,0.0092,0.0044,0.0036,0.0088,0.0034,0.0068,0.0073,0.0075,0.0075,0.0075,0.0089,0.0065,0.0082,0.0045,0.0082,-0.0094,0.006,0.0049,0.005,0.0044,0.0081,0.0086,0.0017,0.0049,0.0063,0.0082,0.0096,0.01,0.0096,0.0106,0.0068,0.0066,0.0101,0.0098,0.0068,0.0104,0.0091,0.0075,0.0075,0.0075
204,,Cs,,Br,5.924,-0.074,5.891339693,-0.08081044,3.591,4.3487,1.756062796,2.447480029,0.0067,0.009,0.0074,0.0108,0.0129,0.0092,0.0044,0.0036,0.0088,0.0034,0.0068,0.0073,0.0075,0.0075,0.0075,0.0074,0.0063,0.0083,0.005,0.0058,-0.011,0.0071,0.0065,0.0061,0.0061,0.006,0.0071,0.0044,0.0061,0.0071,0.0073,0.007,0.0069,0.0061,0.0067,0.0075,0.0075,0.0069,0.0069,0.0075,0.0069,0.0073,0.0075,0.0075,0.0075
205,,Cs,,Cl,5.45,1.385,5.440212665,1.62222568,1.865,2.6047,2.003884333,3.722440049,0.0067,0.009,0.0074,0.0108,0.0129,0.0092,0.0044,0.0036,0.0088,0.0034,0.0068,0.0073,0.0075,0.0075,0.0075,0.0063,0.009,0.0095,0.0062,0.005,0.0056,0.0083,0.0157,0.0102,0.0084,0.0053,0.0063,0.0096,0.0086,0.0111,0.0068,0.005,0.0044,0.0062,0.003,0.008,0.0082,0.0042,0.0048,0.008,0.0033,0.0055,0.0075,0.0075,0.0075
206,,Cs,,Cl,5.893,1.879,5.866241706,2.011541836,3.385,4.1126,1.630740878,2.284065396,0.0067,0.009,0.0074,0.0108,0.0129,0.0092,0.0044,0.0036,0.0088,0.0034,0.0068,0.0073,0.0075,0.0075,0.0075,0.0084,0.0074,0.0079,0.0056,0.0079,-0.0027,0.0066,0.0066,0.0065,0.0056,0.0079,0.0082,0.0044,0.0061,0.0071,0.0068,0.005,0.0044,0.0062,0.003,0.008,0.0082,0.0042,0.0048,0.008,0.0033,0.0055,0.0075,0.0075,0.0075
207,,Cs,,I,6.309,-0.103,6.369667212,-0.066393233,0.796,1.3911,2.552411528,4.609728174,0.0067,0.009,0.0074,0.0108,0.0129,0.0092,0.0044,0.0036,0.0088,0.0034,0.0068,0.0073,0.0075,0.0075,0.0075,0.0075,0.009,0.0046,0.0091,0.0075,0.0099,0.008,0.0044,0.0097,0.0088,0.0076,0.0074,0.0109,0.0092,0.0063,0.0082,0.0096,0.01,0.0096,0.0106,0.0068,0.0066,0.0101,0.0098,0.0068,0.0104,0.0091,0.0075,0.0075,0.0075
208,,Cs,,Br,5.802,-0.202,5.781924092,-0.222671876,4.254,5.0758,1.751059851,2.323828146,0.0067,0.009,0.0074,0.0108,0.0129,0.0092,0.0044,0.0036,0.0088,0.0034,0.0068,0.0073,0.0075,0.0075,0.0075,0.0066,0.0059,0.0085,0.0037,0.004,-0.0143,0.0071,0.0049,0.0056,0.0056,0.0044,0.0063,0.0031,0.0055,0.0063,0.0073,0.007,0.0069,0.0061,0.0067,0.0075,0.0075,0.0069,0.0069,0.0075,0.0069,0.0073,0.0075,0.0075,0.0075
209,,Cs,,Br,5.736,-0.282,5.830458528,-0.207244984,0.67,1.4924,2.535963467,4.659570108,0.0067,0.009,0.0074,0.0108,0.0129,0.0092,0.0044,0.0036,0.0088,0.0034,0.0068,0.0073,0.0075,0.0075,0.0075,0.0066,0.0098,0.0069,0.0085,0.0063,0.014,0.0086,0.0118,0.0111,0.0095,0.0065,0.0067,0.0122,0.0098,0.0095,0.0073,0.007,0.0069,0.0061,0.0067,0.0075,0.0075,0.0069,0.0069,0.0075,0.0069,0.0073,0.0075,0.0075,0.0075
210,,Cs,,Cl,5.585,1.342,5.652020478,1.506922506,0.94,1.7891,2.20632406,4.308325697,0.0067,0.009,0.0074,0.0108,0.0129,0.0092,0.0044,0.0036,0.0088,0.0034,0.0068,0.0073,0.0075,0.0075,0.0075,0.0072,0.0096,0.0048,0.0095,0.0074,0.0141,0.0083,0.0062,0.0105,0.0095,0.0075,0.0073,0.0122,0.0098,0.0071,0.0068,0.005,0.0044,0.0062,0.003,0.008,0.0082,0.0042,0.0048,0.008,0.0033,0.0055,0.0075,0.0075,0.0075
211,,Cs,,Cl,5.68,1.424,5.725337542,1.553491679,2.016,2.9044,1.955388601,3.436821306,0.0067,0.009,0.0074,0.0108,0.0129,0.0092,0.0044,0.0036,0.0088,0.0034,0.0068,0.0073,0.0075,0.0075,0.0075,0.0075,0.0071,0.0055,0.0143,0.0125,0.0129,0.0084,0.0049,0.007,0.011,0.0119,0.0086,0.0122,0.0098,0.0071,0.0068,0.005,0.0044,0.0062,0.003,0.008,0.0082,0.0042,0.0048,0.008,0.0033,0.0055,0.0075,0.0075,0.0075
212,,K,,I,5.977,2.827,6.051284787,2.87594069,0.836,1.4589,2.770807747,4.688037384,0.0058,0.0099,0.0083,0.005,0.0038,0.0098,0.0049,0.004,0.0099,0.0035,0.0023,0.0048,0.0075,0.0075,0.0075,0.0058,0.0097,0.0097,0.0065,0.0045,0.0099,0.0086,0.0175,0.0111,0.009,0.0048,0.006,0.0109,0.0092,0.0118,0.0082,0.0096,0.01,0.0096,0.0106,0.0068,0.0066,0.0101,0.0098,0.0068,0.0104,0.0091,0.0075,0.0075,0.0075
213,,FA,,I,6.553,-0.399,6.485559731,-0.42862685,2.853,3.3981,1.897596529,2.932982024,0.0097,0.0031,0.0087,0.0064,0.0044,0.0018,0.0099,0.0111,0.0037,0.011,0.0112,0.0097,0.0075,0.0075,0.0075,0.0079,0.0065,0.007,0.0072,0.008,-0.0054,0.0071,0.0044,0.006,0.0068,0.008,0.0078,0.0057,0.0067,0.0063,0.0082,0.0096,0.01,0.0096,0.0106,0.0068,0.0066,0.0101,0.0098,0.0068,0.0104,0.0091,0.0075,0.0075,0.0075
214,,FA,,Br,6.149,-0.64,6.097101865,-0.627747617,3.224,3.8608,1.766268839,2.576813992,0.0097,0.0031,0.0087,0.0064,0.0044,0.0018,0.0099,0.0111,0.0037,0.011,0.0112,0.0097,0.0075,0.0075,0.0075,0.0069,0.0076,0.0086,0.0062,0.006,-0.0009,0.0076,0.0101,0.0079,0.0073,0.0061,0.0069,0.007,0.0074,0.0087,0.0073,0.007,0.0069,0.0061,0.0067,0.0075,0.0075,0.0069,0.0069,0.0075,0.0069,0.0073,0.0075,0.0075,0.0075
215,,FA,,I,6.515,-0.42,6.551626184,-0.394926145,1.996,3.0251,2.13684813,3.740703843,0.0097,0.0031,0.0087,0.0064,0.0044,0.0018,0.0099,0.0111,0.0037,0.011,0.0112,0.0097,0.0075,0.0075,0.0075,0.0076,0.0066,0.0054,0.0137,0.0122,0.0089,0.0082,0.0032,0.0062,0.0104,0.0117,0.0086,0.0109,0.0092,0.0063,0.0082,0.0096,0.01,0.0096,0.0106,0.0068,0.0066,0.0101,0.0098,0.0068,0.0104,0.0091,0.0075,0.0075,0.0075
216,,MA,,I,6.428,-0.084,6.5550263,0.425440157,1.112,2.5825,2.341207399,4.283435569,0.0083,0.0026,0.0044,0.0041,0.0031,0.0018,0.0108,0.0105,0.0031,0.011,0.009,0.0085,0.0075,0.0075,0.0075,0.0076,0.0091,0.0046,0.0092,0.0079,0.0116,0.008,0.0044,0.0097,0.0088,0.008,0.0076,0.0109,0.0092,0.0063,0.0082,0.0096,0.01,0.0096,0.0106,0.0068,0.0066,0.0101,0.0098,0.0068,0.0104,0.0091,0.0075,0.0075,0.0075
217,,MA,,Br,6.033,0.083,5.950700757,0.117876157,3.385,4.0873,1.84308398,2.649686186,0.0083,0.0026,0.0044,0.0041,0.0031,0.0018,0.0108,0.0105,0.0031,0.011,0.009,0.0085,0.0075,0.0075,0.0075,0.0075,0.0085,0.009,0.006,0.0069,0.004,0.0074,0.0121,0.0084,0.007,0.0069,0.0074,0.007,0.0074,0.0095,0.0073,0.007,0.0069,0.0061,0.0067,0.0075,0.0075,0.0069,0.0069,0.0075,0.0069,0.0073,0.0075,0.0075,0.0075
218,,MA,,Cl,5.79,-0.062,5.733602225,-0.069092705,4.368,5.3125,1.685267662,2.272272283,0.0083,0.0026,0.0044,0.0041,0.0031,0.0018,0.0108,0.0105,0.0031,0.011,0.009,0.0085,0.0075,0.0075,0.0075,0.008,0.0061,0.0066,0.0094,0.0097,-0.0034,0.0074,0.0039,0.0056,0.0079,0.0095,0.0082,0.007,0.0074,0.0063,0.0068,0.005,0.0044,0.0062,0.003,0.008,0.0082,0.0042,0.0048,0.008,0.0033,0.0055,0.0075,0.0075,0.0075
219,,MA,,Cl,5.782,-0.145,5.777915145,-0.114135784,2.642,3.9631,1.841526943,2.970640218,0.0083,0.0026,0.0044,0.0041,0.0031,0.0018,0.0108,0.0105,0.0031,0.011,0.009,0.0085,0.0075,0.0075,0.0075,0.0078,0.0065,0.0053,0.0138,0.0126,0.0088,0.0081,0.0032,0.0062,0.0104,0.012,0.0087,0.0109,0.0092,0.0063,0.0068,0.005,0.0044,0.0062,0.003,0.008,0.0082,0.0042,0.0048,0.008,0.0033,0.0055,0.0075,0.0075,0.0075
220,,FA,,Cl,6.002,-1.094,6.047057001,-1.061052034,2.925,4.2976,1.685660689,2.806190559,0.0097,0.0031,0.0087,0.0064,0.0044,0.0018,0.0099,0.0111,0.0037,0.011,0.0112,0.0097,0.0075,0.0075,0.0075,0.0066,0.0096,0.0082,0.0076,0.006,0.0115,0.0083,0.0137,0.0107,0.0089,0.0062,0.0067,0.0109,0.0092,0.0103,0.0068,0.005,0.0044,0.0062,0.003,0.008,0.0082,0.0042,0.0048,0.008,0.0033,0.0055,0.0075,0.0075,0.0075
221,,FA,,Cl,5.901,-0.879,5.864678343,-0.898426381,3.794,4.7611,1.669591357,2.385952218,0.0097,0.0031,0.0087,0.0064,0.0044,0.0018,0.0099,0.0111,0.0037,0.011,0.0112,0.0097,0.0075,0.0075,0.0075,0.0069,0.0076,0.0066,0.006,0.0052,-0.002,0.0076,0.0048,0.0079,0.0071,0.0055,0.0067,0.007,0.0074,0.0063,0.0068,0.005,0.0044,0.0062,0.003,0.008,0.0082,0.0042,0.0048,0.008,0.0033,0.0055,0.0075,0.0075,0.0075
222,,FA,,I,6.557,-0.47,6.530914315,-0.495718311,3.156,4.1955,1.812563981,2.603385863,0.0097,0.0031,0.0087,0.0064,0.0044,0.0018,0.0099,0.0111,0.0037,0.011,0.0112,0.0097,0.0075,0.0075,0.0075,0.0081,0.0056,0.008,0.0049,0.0067,-0.0155,0.0066,0.0047,0.0051,0.0054,0.0069,0.0076,0.0031,0.0055,0.0063,0.0082,0.0096,0.01,0.0096,0.0106,0.0068,0.0066,0.0101,0.0098,0.0068,0.0104,0.0091,0.0075,0.0075,0.0075
223,,FA,,Cl,5.862,-0.682,5.840761976,-0.7026666,4.465,6.1249,1.594053873,2.098974017,0.0097,0.0031,0.0087,0.0064,0.0044,0.0018,0.0099,0.0111,0.0037,0.011,0.0112,0.0097,0.0075,0.0075,0.0075,0.0073,0.0056,0.0087,0.0027,0.0042,-0.0188,0.0066,0.0051,0.0052,0.0047,0.0046,0.0067,0.0017,0.0049,0.0063,0.0068,0.005,0.0044,0.0062,0.003,0.008,0.0082,0.0042,0.0048,0.008,0.0033,0.0055,0.0075,0.0075,0.0075
224,,FA,,Br,6.15,-0.614,6.1200836,-0.637065675,3.563,4.3582,1.707781155,2.394483837,0.0097,0.0031,0.0087,0.0064,0.0044,0.0018,0.0099,0.0111,0.0037,0.011,0.0112,0.0097,0.0075,0.0075,0.0075,0.0081,0.006,0.0079,0.0042,0.006,-0.0153,0.0066,0.0049,0.0056,0.0052,0.0062,0.0074,0.0031,0.0055,0.0063,0.0073,0.007,0.0069,0.0061,0.0067,0.0075,0.0075,0.0069,0.0069,0.0075,0.0069,0.0073,0.0075,0.0075,0.0075
225,,FA,,Cl,5.941,-0.873,5.938020184,-0.894734285,2.459,3.5589,1.720598881,3.17436092,0.0097,0.0031,0.0087,0.0064,0.0044,0.0018,0.0099,0.0111,0.0037,0.011,0.0112,0.0097,0.0075,0.0075,0.0075,0.0074,0.0073,0.006,0.0085,0.0077,0.0015,0.0077,0.0043,0.0075,0.0081,0.0077,0.0074,0.0083,0.008,0.0063,0.0068,0.005,0.0044,0.0062,0.003,0.008,0.0082,0.0042,0.0048,0.008,0.0033,0.0055,0.0075,0.0075,0.0075
226,,FA,,Cl,5.993,-0.595,5.94548921,-0.846668786,4.312,6.2361,1.595751434,2.105575357,0.0097,0.0031,0.0087,0.0064,0.0044,0.0018,0.0099,0.0111,0.0037,0.011,0.0112,0.0097,0.0075,0.0075,0.0075,0.0087,0.0062,0.0083,0.0041,0.0074,-0.0128,0.0061,0.0049,0.0049,0.0044,0.0074,0.0082,0.0017,0.0049,0.0063,0.0068,0.005,0.0044,0.0062,0.003,0.008,0.0082,0.0042,0.0048,0.008,0.0033,0.0055,0.0075,0.0075,0.0075
227,,FA,,Cl,5.946,-0.87,5.879448125,-0.863693058,3.642,4.3813,1.71694586,2.423217564,0.0097,0.0031,0.0087,0.0064,0.0044,0.0018,0.0099,0.0111,0.0037,0.011,0.0112,0.0097,0.0075,0.0075,0.0075,0.0084,0.0078,0.0062,0.008,0.0091,0.0039,0.0071,0.0044,0.0072,0.0071,0.009,0.0084,0.007,0.0074,0.0063,0.0068,0.005,0.0044,0.0062,0.003,0.008,0.0082,0.0042,0.0048,0.008,0.0033,0.0055,0.0075,0.0075,0.0075
228,,FA,,Cl,6.002,-0.871,5.935043618,-1.026320029,2.46,4.2032,1.71957303,3.031835182,0.0097,0.0031,0.0087,0.0064,0.0044,0.0018,0.0099,0.0111,0.0037,0.011,0.0112,0.0097,0.0075,0.0075,0.0075,0.0076,0.0077,0.0061,0.0101,0.0095,0.0069,0.0078,0.0058,0.0077,0.0089,0.0093,0.008,0.0096,0.0086,0.0071,0.0068,0.005,0.0044,0.0062,0.003,0.008,0.0082,0.0042,0.0048,0.008,0.0033,0.0055,0.0075,0.0075,0.0075
229,,FA,,Br,6.07,-0.714,6.035314638,-0.721381675,3.366,4.2431,1.776712453,2.599680435,0.0097,0.0031,0.0087,0.0064,0.0044,0.0018,0.0099,0.0111,0.0037,0.011,0.0112,0.0097,0.0075,0.0075,0.0075,0.0061,0.008,0.0094,0.0046,0.0037,-0.0021,0.0079,0.0122,0.0087,0.0072,0.0041,0.006,0.007,0.0074,0.0095,0.0073,0.007,0.0069,0.0061,0.0067,0.0075,0.0075,0.0069,0.0069,0.0075,0.0069,0.0073,0.0075,0.0075,0.0075